"url","locale","search_intent","local_status","indexability","canonical","hreflang_cluster","title","description","h1","schema_types","crawlable_internal_link_count","rendering_mode","existing_redirect_sources","proposed_consolidation"
"https://calkilo.com/","en","Product overview and app download","200","index","https://calkilo.com/","en=https://calkilo.com/ | nl=https://calkilo.com/nl/ | ru=https://calkilo.com/ru/ | zh=https://calkilo.com/zh/ | ar=https://calkilo.com/ar/ | fa=https://calkilo.com/fa/ | it=https://calkilo.com/it/ | x-default=https://calkilo.com/","AI Calorie Tracker & Photo Food Calorie Counter | Calkilo","Download Calkilo free with in-app purchases to estimate calories from food photos, track macros, and plan meals on iPhone and Android.","AI Calorie Tracker for Food Photos","Organization | WebSite | WebPage | SoftwareApplication","31","Next.js static export (SSG/prerendered HTML)","/index.html","Keep; no consolidation proposed without query-by-page evidence"
"https://calkilo.com/about/","en","Product identity, workflow, and limitations","200","index","https://calkilo.com/about/","x-default=https://calkilo.com/about/","About Calkilo | AI Calorie Counter and Nutrition Assistant","Calkilo is an AI calorie counter and nutrition assistant for photo food logging, macro tracking, meal planning, and daily nutrition progress.","Calkilo is an AI calorie counter and nutrition assistant","Organization | AboutPage | SoftwareApplication | BreadcrumbList","22","Next.js static export (SSG/prerendered HTML)","","Keep; no consolidation proposed without query-by-page evidence"
"https://calkilo.com/account-deletion/","en","Policy and account support","200","index","https://calkilo.com/account-deletion/","en=https://calkilo.com/account-deletion/ | nl=https://calkilo.com/nl/account-deletion/ | ru=https://calkilo.com/ru/account-deletion/ | zh=https://calkilo.com/zh/account-deletion/ | ar=https://calkilo.com/ar/account-deletion/ | fa=https://calkilo.com/fa/account-deletion/ | it=https://calkilo.com/it/account-deletion/ | x-default=https://calkilo.com/account-deletion/","Request Account & Data Deletion | Calkilo","Use this page to request deletion of your Calkilo account and associated personal data.","Request Account & Data Deletion","WebPage | BreadcrumbList","22","Next.js static export (SSG/prerendered HTML)","","Keep; no consolidation proposed without query-by-page evidence"
"https://calkilo.com/ai-calorie-tracker/","en","Product guide","200","index","https://calkilo.com/ai-calorie-tracker/","en=https://calkilo.com/ai-calorie-tracker/ | fa=https://calkilo.com/fa/ai-calorie-tracker/ | it=https://calkilo.com/it/ai-calorie-tracker/ | x-default=https://calkilo.com/ai-calorie-tracker/","AI Calorie Tracker App | Calkilo","Track calories from food photos, meals, and macros with Calkilo. Use AI food logging, nutrition insights, and meal planning on iPhone and Android.","AI Calorie Tracker App for Faster Food Logging","Organization | WebPage | SoftwareApplication | BreadcrumbList","24","Next.js static export (SSG/prerendered HTML)","","Keep; no consolidation proposed without query-by-page evidence"
"https://calkilo.com/ai-meal-planner-for-weight-loss/","en","Product guide","200","index","https://calkilo.com/ai-meal-planner-for-weight-loss/","x-default=https://calkilo.com/ai-meal-planner-for-weight-loss/","AI Meal Planner for Weight Loss | Calkilo","See how an AI meal planner can connect calorie targets, food preferences, photo logging, macros, and realistic weight-loss meal decisions.","AI Meal Planning for a Practical Weight-Loss Routine","Organization | WebPage | SoftwareApplication | BreadcrumbList","24","Next.js static export (SSG/prerendered HTML)","","Keep; no consolidation proposed without query-by-page evidence"
"https://calkilo.com/ar/","ar","Product overview and app download","200","index","https://calkilo.com/ar/","en=https://calkilo.com/ | nl=https://calkilo.com/nl/ | ru=https://calkilo.com/ru/ | zh=https://calkilo.com/zh/ | ar=https://calkilo.com/ar/ | fa=https://calkilo.com/fa/ | it=https://calkilo.com/it/ | x-default=https://calkilo.com/","Calkilo | تطبيق تتبع السعرات والتغذية بالذكاء الاصطناعي","قدّر السعرات بمساعدة الذكاء الاصطناعي، واحصل على خطط وجبات مخصصة، وتابع تغذيتك على جميع أجهزتك.","قدّر السعرات بـ الذكاء الاصطناعي","Organization | WebSite | WebPage | SoftwareApplication","23","Next.js static export (SSG/prerendered HTML)","","Keep; no consolidation proposed without query-by-page evidence"
"https://calkilo.com/ar/account-deletion/","ar","Policy and account support","200","index","https://calkilo.com/ar/account-deletion/","en=https://calkilo.com/account-deletion/ | nl=https://calkilo.com/nl/account-deletion/ | ru=https://calkilo.com/ru/account-deletion/ | zh=https://calkilo.com/zh/account-deletion/ | ar=https://calkilo.com/ar/account-deletion/ | fa=https://calkilo.com/fa/account-deletion/ | it=https://calkilo.com/it/account-deletion/ | x-default=https://calkilo.com/account-deletion/","طلب حذف الحساب والبيانات | Calkilo","استخدم هذه الصفحة لطلب حذف حساب Calkilo الخاص بك والبيانات الشخصية المرتبطة به.","طلب حذف الحساب والبيانات","WebPage | BreadcrumbList","20","Next.js static export (SSG/prerendered HTML)","","Keep; no consolidation proposed without query-by-page evidence"
"https://calkilo.com/ar/blog/","ar","Nutrition article discovery","200","index","https://calkilo.com/ar/blog/","en=https://calkilo.com/blog/ | nl=https://calkilo.com/nl/blog/ | ru=https://calkilo.com/ru/blog/ | zh=https://calkilo.com/zh/blog/ | ar=https://calkilo.com/ar/blog/ | fa=https://calkilo.com/fa/blog/ | it=https://calkilo.com/it/blog/ | x-default=https://calkilo.com/blog/","مدونة Calkilo | أدلة التغذية وتتبع السعرات بالذكاء الاصطناعي","اقرأ مقالات Calkilo عن تخطيط الوجبات، تتبع الماكروز، صور الطعام، وعادات التغذية العملية.","مدونة Calkilo","Blog | BreadcrumbList","25","Next.js static export (SSG/prerendered HTML)","","Keep; no consolidation proposed without query-by-page evidence"
"https://calkilo.com/ar/blog/building-balanced-meals-for-sustainable-weight-management/","ar","Nutrition education article","200","index","https://calkilo.com/ar/blog/building-balanced-meals-for-sustainable-weight-management/","en=https://calkilo.com/blog/building-balanced-meals-for-sustainable-weight-management/ | nl=https://calkilo.com/nl/blog/building-balanced-meals-for-sustainable-weight-management/ | ru=https://calkilo.com/ru/blog/building-balanced-meals-for-sustainable-weight-management/ | zh=https://calkilo.com/zh/blog/building-balanced-meals-for-sustainable-weight-management/ | ar=https://calkilo.com/ar/blog/building-balanced-meals-for-sustainable-weight-management/ | fa=https://calkilo.com/fa/blog/building-balanced-meals-for-sustainable-weight-management/ | it=https://calkilo.com/it/blog/building-balanced-meals-for-sustainable-weight-management/ | x-default=https://calkilo.com/blog/building-balanced-meals-for-sustainable-weight-management/","بناء وجبات متوازنة لإدارة وزن مستدامة","إرشادات عملية وواعية للأدلة حول كيفية تكوين وجبات متوازنة تدعم إدارة الوزن من خلال التحكم في الحصص، توازن المغذيات، والعادات اليقظة—دون اتباع حميات صارمة.","بناء وجبات متوازنة لإدارة وزن مستدامة","BlogPosting | BreadcrumbList","21","Next.js static export (SSG/prerendered HTML)","/ar/blog/building-balanced-meals-for-sustainable-weight-management-5/ | /ar/blog/building-balanced-meals-for-sustainable-weight-management-4/ | /ar/blog/building-balanced-meals-for-sustainable-weight-management-3/ | /ar/blog/balanced-meals-for-sustainable-weight-management/ | /ar/blog/building-balanced-meals-for-sustainable-weight-management-2/","Keep; no consolidation proposed without query-by-page evidence"
"https://calkilo.com/ar/blog/healthy-snacks-for-busy-days-quick-portable-and-satisfying/","ar","Nutrition education article","200","index","https://calkilo.com/ar/blog/healthy-snacks-for-busy-days-quick-portable-and-satisfying/","en=https://calkilo.com/blog/healthy-snacks-for-busy-days-quick-portable-and-satisfying/ | nl=https://calkilo.com/nl/blog/healthy-snacks-for-busy-days-quick-portable-and-satisfying/ | ru=https://calkilo.com/ru/blog/healthy-snacks-for-busy-days-quick-portable-and-satisfying/ | zh=https://calkilo.com/zh/blog/healthy-snacks-for-busy-days-quick-portable-and-satisfying/ | ar=https://calkilo.com/ar/blog/healthy-snacks-for-busy-days-quick-portable-and-satisfying/ | fa=https://calkilo.com/fa/blog/healthy-snacks-for-busy-days-quick-portable-and-satisfying/ | it=https://calkilo.com/it/blog/healthy-snacks-for-busy-days-quick-portable-and-satisfying/ | x-default=https://calkilo.com/blog/healthy-snacks-for-busy-days-quick-portable-and-satisfying/","وجبات خفيفة صحية للأيام المزدحمة: سريعة، محمولة ومشبعة","دليل عملي لوجبات خفيفة سهلة ومغذية يمكنك إعدادها مسبقًا أو أخذها معك للحفاظ على الطاقة وثبات الجوع أثناء الجداول المزدحمة.","وجبات خفيفة صحية للأيام المزدحمة: سريعة، محمولة ومشبعة","BlogPosting | BreadcrumbList","21","Next.js static export (SSG/prerendered HTML)","/ar/blog/healthy-snacks-for-busy-days-quick-portable-and-satisfying-3/ | /ar/blog/healthy-snacks-for-busy-days-quick-portable-and-satisfying-2/ | /ar/blog/healthy-snacks-for-busy-days-quick-portable-and-nutrient-packed/ | /ar/blog/smart-healthy-snacks-for-busy-days-easy-portable-and-balanced/ | /ar/blog/healthy-snacks-for-busy-days-quick-portable-and-satisfying-options/","Keep; no consolidation proposed without query-by-page evidence"
"https://calkilo.com/ar/blog/hydration-and-nutrition-basics-how-to-fuel-and-hydrate-everyday/","ar","Nutrition education article","200","index","https://calkilo.com/ar/blog/hydration-and-nutrition-basics-how-to-fuel-and-hydrate-everyday/","en=https://calkilo.com/blog/hydration-and-nutrition-basics-how-to-fuel-and-hydrate-everyday/ | nl=https://calkilo.com/nl/blog/hydration-and-nutrition-basics-how-to-fuel-and-hydrate-everyday/ | ru=https://calkilo.com/ru/blog/hydration-and-nutrition-basics-how-to-fuel-and-hydrate-everyday/ | zh=https://calkilo.com/zh/blog/hydration-and-nutrition-basics-how-to-fuel-and-hydrate-everyday/ | ar=https://calkilo.com/ar/blog/hydration-and-nutrition-basics-how-to-fuel-and-hydrate-everyday/ | fa=https://calkilo.com/fa/blog/hydration-and-nutrition-basics-how-to-fuel-and-hydrate-everyday/ | it=https://calkilo.com/it/blog/hydration-and-nutrition-basics-how-to-fuel-and-hydrate-everyday/ | x-default=https://calkilo.com/blog/hydration-and-nutrition-basics-how-to-fuel-and-hydrate-everyday/","أساسيات الترطيب والتغذية: كيفية تزويد الجسم بالطاقة والمياه يوميًا","إرشادات عملية لموازنة السوائل والمغذيات من أجل الطاقة والرفاه اليومي، مع نصائح بسيطة لبناء عادات صحية دون قواعد صارمة.","أساسيات الترطيب والتغذية: كيفية تزويد الجسم بالطاقة والمياه يوميًا","BlogPosting | BreadcrumbList","21","Next.js static export (SSG/prerendered HTML)","/ar/blog/hydration-and-nutrition-basics-simple-habits-for-everyday-energy-2/ | /ar/blog/hydration-and-nutrition-basics-fueling-everyday-energy/ | /ar/blog/hydration-and-nutrition-basics-practical-steps-to-fuel-your-day/ | /ar/blog/hydration-and-nutrition-basics-simple-strategies-for-everyday-health/ | /ar/blog/hydration-and-nutrition-basics-simple-habits-for-everyday-energy/","Keep; no consolidation proposed without query-by-page evidence"
"https://calkilo.com/ar/blog/practical-high-protein-meal-planning-build-balanced-sustainable-meals/","ar","Nutrition education article","200","index","https://calkilo.com/ar/blog/practical-high-protein-meal-planning-build-balanced-sustainable-meals/","en=https://calkilo.com/blog/practical-high-protein-meal-planning-simple-strategies-and-sample-day/ | nl=https://calkilo.com/nl/blog/practical-high-protein-meal-planning-build-balanced-sustainable-meals/ | ru=https://calkilo.com/ru/blog/practical-high-protein-meal-planning-build-balanced-sustainable-meals/ | zh=https://calkilo.com/zh/blog/practical-high-protein-meal-planning-build-balanced-sustainable-meals/ | ar=https://calkilo.com/ar/blog/practical-high-protein-meal-planning-build-balanced-sustainable-meals/ | fa=https://calkilo.com/fa/blog/practical-high-protein-meal-planning-build-balanced-sustainable-meals/ | it=https://calkilo.com/it/blog/practical-high-protein-meal-planning-build-balanced-sustainable-meals/ | x-default=https://calkilo.com/blog/practical-high-protein-meal-planning-simple-strategies-and-sample-day/","تخطيط وجبات عملي عالي البروتين: بناء وجبات متوازنة ومستدامة","دليل عملي لتخطيط وجبات عالية البروتين تتناسب مع الحياة اليومية—يشمل أهداف الحصص، مصادر البروتين، قوالب بسيطة، وخطة نموذجية لمدة أسبوع لتسهيل تحضير الوجبات وزيادة الإحساس بالرضا.","تخطيط وجبات عملي عالي البروتين: بناء وجبات متوازنة ومستدامة","BlogPosting | BreadcrumbList","21","Next.js static export (SSG/prerendered HTML)","/ar/blog/high-protein-meal-planning-practical-strategies-for-busy-lives/ | /ar/blog/simple-high-protein-meal-planning-build-balanced-plates-for-any-goal/ | /ar/blog/practical-high-protein-meal-planning-build-balanced-satisfying-meals-for-any-day/ | /ar/blog/practical-high-protein-meal-planning-simple-strategies-and-sample-day-plans/ | /ar/blog/practical-high-protein-meal-planning-simple-strategies-and-sample-meals/","Keep; no consolidation proposed without query-by-page evidence"
"https://calkilo.com/ar/blog/simple-calorie-tracking-habits-that-stick/","ar","Nutrition education article","200","index","https://calkilo.com/ar/blog/simple-calorie-tracking-habits-that-stick/","en=https://calkilo.com/blog/simple-calorie-tracking-habits-that-stick/ | nl=https://calkilo.com/nl/blog/simple-calorie-tracking-habits-that-stick/ | ru=https://calkilo.com/ru/blog/simple-calorie-tracking-habits-that-stick/ | zh=https://calkilo.com/zh/blog/simple-calorie-tracking-habits-that-stick/ | ar=https://calkilo.com/ar/blog/simple-calorie-tracking-habits-that-stick/ | fa=https://calkilo.com/fa/blog/simple-calorie-tracking-habits-that-stick/ | it=https://calkilo.com/it/blog/simple-calorie-tracking-habits-that-stick/ | x-default=https://calkilo.com/blog/simple-calorie-tracking-habits-that-stick/","عادات بسيطة لتتبع السعرات تلتصق بك","العادات الصغيرة والمستمرة تجعل تتبع السعرات قابلاً للإدارة ومفيداً. تعلّم بعض الروتينات العملية لتتبع دون إرهاق والحصول على بيانات أوضح للاختيارات اليومية.","عادات بسيطة لتتبع السعرات تلتصق بك","BlogPosting | BreadcrumbList","21","Next.js static export (SSG/prerendered HTML)","/ar/blog/simple-daily-habits-to-make-calorie-tracking-stick/ | /ar/blog/simple-daily-habits-for-easy-and-sustainable-calorie-tracking/ | /ar/blog/simple-calorie-tracking-habits-that-stick-3/ | /ar/blog/simple-calorie-tracking-habits-that-stick-2/ | /ar/blog/simple-habits-for-consistent-calorie-tracking/","Keep; no consolidation proposed without query-by-page evidence"
"https://calkilo.com/ar/contact/","ar","Product, billing, and privacy support","200","index","https://calkilo.com/ar/contact/","en=https://calkilo.com/contact/ | nl=https://calkilo.com/nl/contact/ | ru=https://calkilo.com/ru/contact/ | zh=https://calkilo.com/zh/contact/ | ar=https://calkilo.com/ar/contact/ | fa=https://calkilo.com/fa/contact/ | it=https://calkilo.com/it/contact/ | x-default=https://calkilo.com/contact/","تواصل مع Calkilo","تواصل مع دعم Calkilo لطلبات المنتج والفوترة والخصوصية.","تواصل معنا","ContactPage | Organization | BreadcrumbList","20","Next.js static export (SSG/prerendered HTML)","","Keep; no consolidation proposed without query-by-page evidence"
"https://calkilo.com/ar/privacy-policy/","ar","Policy and account support","200","index","https://calkilo.com/ar/privacy-policy/","en=https://calkilo.com/privacy-policy/ | nl=https://calkilo.com/nl/privacy-policy/ | ru=https://calkilo.com/ru/privacy-policy/ | zh=https://calkilo.com/zh/privacy-policy/ | ar=https://calkilo.com/ar/privacy-policy/ | fa=https://calkilo.com/fa/privacy-policy/ | it=https://calkilo.com/it/privacy-policy/ | x-default=https://calkilo.com/privacy-policy/","سياسة خصوصية Calkilo","اقرأ سياسة خصوصية Calkilo وتعرّف على كيفية جمع بياناتك واستخدامها وحمايتها.","سياسة الخصوصية","PrivacyPolicy | BreadcrumbList","20","Next.js static export (SSG/prerendered HTML)","","Keep; no consolidation proposed without query-by-page evidence"
"https://calkilo.com/ar/terms-and-conditions/","ar","Policy and account support","200","index","https://calkilo.com/ar/terms-and-conditions/","en=https://calkilo.com/terms-and-conditions/ | nl=https://calkilo.com/nl/terms-and-conditions/ | ru=https://calkilo.com/ru/terms-and-conditions/ | zh=https://calkilo.com/zh/terms-and-conditions/ | ar=https://calkilo.com/ar/terms-and-conditions/ | fa=https://calkilo.com/fa/terms-and-conditions/ | it=https://calkilo.com/it/terms-and-conditions/ | x-default=https://calkilo.com/terms-and-conditions/","أحكام وشروط Calkilo","اقرأ أحكام وشروط Calkilo المتعلقة باستخدام الحساب والاشتراكات والشروط القانونية.","الأحكام والشروط","WebPage | BreadcrumbList","20","Next.js static export (SSG/prerendered HTML)","","Keep; no consolidation proposed without query-by-page evidence"
"https://calkilo.com/ar/terms-of-service/","ar","Policy and account support","200","index","https://calkilo.com/ar/terms-of-service/","en=https://calkilo.com/terms-of-service/ | nl=https://calkilo.com/nl/terms-of-service/ | ru=https://calkilo.com/ru/terms-of-service/ | zh=https://calkilo.com/zh/terms-of-service/ | ar=https://calkilo.com/ar/terms-of-service/ | fa=https://calkilo.com/fa/terms-of-service/ | it=https://calkilo.com/it/terms-of-service/ | x-default=https://calkilo.com/terms-of-service/","شروط خدمة Calkilo","اقرأ شروط خدمة Calkilo المتعلقة باستخدام الحساب والاشتراكات والشروط القانونية.","شروط الخدمة","WebPage | BreadcrumbList","20","Next.js static export (SSG/prerendered HTML)","","Keep; no consolidation proposed without query-by-page evidence"
"https://calkilo.com/best-calorie-counter-for-persian-food/","en","Product guide","200","index","https://calkilo.com/best-calorie-counter-for-persian-food/","x-default=https://calkilo.com/best-calorie-counter-for-persian-food/","Best Calorie Counter for Persian Food | Calkilo Guide","Learn what makes a calorie counter useful for Persian and Iranian food, including photo logging, mixed dishes, portion review, calories, and macros.","Choosing a Calorie Counter for Persian and Iranian Food","Organization | WebPage | SoftwareApplication | BreadcrumbList","24","Next.js static export (SSG/prerendered HTML)","","Keep; no consolidation proposed without query-by-page evidence"
"https://calkilo.com/blog/","en","Nutrition article discovery","200","index","https://calkilo.com/blog/","en=https://calkilo.com/blog/ | nl=https://calkilo.com/nl/blog/ | ru=https://calkilo.com/ru/blog/ | zh=https://calkilo.com/zh/blog/ | ar=https://calkilo.com/ar/blog/ | fa=https://calkilo.com/fa/blog/ | it=https://calkilo.com/it/blog/ | x-default=https://calkilo.com/blog/","Calkilo Blog | Nutrition and AI Calorie Tracking Guides","Read Calkilo blog posts about meal planning, macro tracking, food photos, and practical nutrition habits.","Calkilo blog","Blog | BreadcrumbList","27","Next.js static export (SSG/prerendered HTML)","","Keep; no consolidation proposed without query-by-page evidence"
"https://calkilo.com/blog/building-balanced-meals-for-sustainable-weight-management/","en","Nutrition education article","200","index","https://calkilo.com/blog/building-balanced-meals-for-sustainable-weight-management/","en=https://calkilo.com/blog/building-balanced-meals-for-sustainable-weight-management/ | nl=https://calkilo.com/nl/blog/building-balanced-meals-for-sustainable-weight-management/ | ru=https://calkilo.com/ru/blog/building-balanced-meals-for-sustainable-weight-management/ | zh=https://calkilo.com/zh/blog/building-balanced-meals-for-sustainable-weight-management/ | ar=https://calkilo.com/ar/blog/building-balanced-meals-for-sustainable-weight-management/ | fa=https://calkilo.com/fa/blog/building-balanced-meals-for-sustainable-weight-management/ | it=https://calkilo.com/it/blog/building-balanced-meals-for-sustainable-weight-management/ | x-default=https://calkilo.com/blog/building-balanced-meals-for-sustainable-weight-management/","Building Balanced Meals for Sustainable Weight Management","Practical, evidence-aware guidance for composing balanced meals that support weight management through portion control, nutrient balance, and mindful habits—without rigid dieting.","Building Balanced Meals for Sustainable Weight Management","BlogPosting | BreadcrumbList","23","Next.js static export (SSG/prerendered HTML)","/blog/building-balanced-meals-for-sustainable-weight-management-5/ | /blog/building-balanced-meals-for-sustainable-weight-management-4/ | /blog/building-balanced-meals-for-sustainable-weight-management-3/ | /blog/balanced-meals-for-sustainable-weight-management/ | /blog/building-balanced-meals-for-sustainable-weight-management-2/","Keep; no consolidation proposed without query-by-page evidence"
"https://calkilo.com/blog/healthy-snacks-for-busy-days-quick-portable-and-satisfying/","en","Nutrition education article","200","index","https://calkilo.com/blog/healthy-snacks-for-busy-days-quick-portable-and-satisfying/","en=https://calkilo.com/blog/healthy-snacks-for-busy-days-quick-portable-and-satisfying/ | nl=https://calkilo.com/nl/blog/healthy-snacks-for-busy-days-quick-portable-and-satisfying/ | ru=https://calkilo.com/ru/blog/healthy-snacks-for-busy-days-quick-portable-and-satisfying/ | zh=https://calkilo.com/zh/blog/healthy-snacks-for-busy-days-quick-portable-and-satisfying/ | ar=https://calkilo.com/ar/blog/healthy-snacks-for-busy-days-quick-portable-and-satisfying/ | fa=https://calkilo.com/fa/blog/healthy-snacks-for-busy-days-quick-portable-and-satisfying/ | it=https://calkilo.com/it/blog/healthy-snacks-for-busy-days-quick-portable-and-satisfying/ | x-default=https://calkilo.com/blog/healthy-snacks-for-busy-days-quick-portable-and-satisfying/","Healthy Snacks for Busy Days: Quick, Portable, and Satisfying","A practical guide to easy, nutrient-dense snacks you can prep or grab on the go to keep energy steady and hunger in check during hectic schedules.","Healthy Snacks for Busy Days: Quick, Portable, and Satisfying","BlogPosting | BreadcrumbList","23","Next.js static export (SSG/prerendered HTML)","/blog/healthy-snacks-for-busy-days-quick-portable-and-satisfying-3/ | /blog/healthy-snacks-for-busy-days-quick-portable-and-satisfying-2/ | /blog/healthy-snacks-for-busy-days-quick-portable-and-nutrient-packed/ | /blog/smart-healthy-snacks-for-busy-days-easy-portable-and-balanced/ | /blog/healthy-snacks-for-busy-days-quick-portable-and-satisfying-options/","Keep; no consolidation proposed without query-by-page evidence"
"https://calkilo.com/blog/hydration-and-nutrition-basics-how-to-fuel-and-hydrate-everyday/","en","Nutrition education article","200","index","https://calkilo.com/blog/hydration-and-nutrition-basics-how-to-fuel-and-hydrate-everyday/","en=https://calkilo.com/blog/hydration-and-nutrition-basics-how-to-fuel-and-hydrate-everyday/ | nl=https://calkilo.com/nl/blog/hydration-and-nutrition-basics-how-to-fuel-and-hydrate-everyday/ | ru=https://calkilo.com/ru/blog/hydration-and-nutrition-basics-how-to-fuel-and-hydrate-everyday/ | zh=https://calkilo.com/zh/blog/hydration-and-nutrition-basics-how-to-fuel-and-hydrate-everyday/ | ar=https://calkilo.com/ar/blog/hydration-and-nutrition-basics-how-to-fuel-and-hydrate-everyday/ | fa=https://calkilo.com/fa/blog/hydration-and-nutrition-basics-how-to-fuel-and-hydrate-everyday/ | it=https://calkilo.com/it/blog/hydration-and-nutrition-basics-how-to-fuel-and-hydrate-everyday/ | x-default=https://calkilo.com/blog/hydration-and-nutrition-basics-how-to-fuel-and-hydrate-everyday/","Hydration and Nutrition Basics: How to Fuel and Hydrate Everyday","Practical guidance on balancing fluids and nutrients for daily energy and wellbeing, with simple tips to build healthier habits without rigid rules.","Hydration and Nutrition Basics: How to Fuel and Hydrate Everyday","BlogPosting | BreadcrumbList","23","Next.js static export (SSG/prerendered HTML)","/blog/hydration-and-nutrition-basics-simple-habits-for-everyday-energy-2/ | /blog/hydration-and-nutrition-basics-fueling-everyday-energy/ | /blog/hydration-and-nutrition-basics-practical-steps-to-fuel-your-day/ | /blog/hydration-and-nutrition-basics-simple-strategies-for-everyday-health/ | /blog/hydration-and-nutrition-basics-simple-habits-for-everyday-energy/","Keep; no consolidation proposed without query-by-page evidence"
"https://calkilo.com/blog/practical-high-protein-meal-planning-simple-strategies-and-sample-day/","en","Nutrition education article","200","index","https://calkilo.com/blog/practical-high-protein-meal-planning-simple-strategies-and-sample-day/","en=https://calkilo.com/blog/practical-high-protein-meal-planning-simple-strategies-and-sample-day/ | nl=https://calkilo.com/nl/blog/practical-high-protein-meal-planning-build-balanced-sustainable-meals/ | ru=https://calkilo.com/ru/blog/practical-high-protein-meal-planning-build-balanced-sustainable-meals/ | zh=https://calkilo.com/zh/blog/practical-high-protein-meal-planning-build-balanced-sustainable-meals/ | ar=https://calkilo.com/ar/blog/practical-high-protein-meal-planning-build-balanced-sustainable-meals/ | fa=https://calkilo.com/fa/blog/practical-high-protein-meal-planning-build-balanced-sustainable-meals/ | it=https://calkilo.com/it/blog/practical-high-protein-meal-planning-build-balanced-sustainable-meals/ | x-default=https://calkilo.com/blog/practical-high-protein-meal-planning-simple-strategies-and-sample-day/","Practical High-Protein Meal Planning: Simple Strategies and Sample Day","A practical guide to building balanced, high-protein meals that fit real life — including portion ideas, timing tips, grocery swaps, and a sample day to simplify planning.","Practical High-Protein Meal Planning: Simple Strategies and Sample Day","BlogPosting | BreadcrumbList","23","Next.js static export (SSG/prerendered HTML)","/blog/high-protein-meal-planning-practical-strategies-for-busy-lives/ | /blog/simple-high-protein-meal-planning-build-balanced-plates-for-any-goal/ | /blog/practical-high-protein-meal-planning-build-balanced-satisfying-meals-for-any-day/ | /blog/practical-high-protein-meal-planning-simple-strategies-and-sample-day-plans/ | /blog/practical-high-protein-meal-planning-simple-strategies-and-sample-meals/ | /blog/practical-high-protein-meal-planning-build-balanced-sustainable-meals/ | /blog/practical-high-protein-meal-planning-build-meals-that-keep-you-full-and-fueled/","Keep; no consolidation proposed without query-by-page evidence"
"https://calkilo.com/blog/simple-calorie-tracking-habits-that-stick/","en","Nutrition education article","200","index","https://calkilo.com/blog/simple-calorie-tracking-habits-that-stick/","en=https://calkilo.com/blog/simple-calorie-tracking-habits-that-stick/ | nl=https://calkilo.com/nl/blog/simple-calorie-tracking-habits-that-stick/ | ru=https://calkilo.com/ru/blog/simple-calorie-tracking-habits-that-stick/ | zh=https://calkilo.com/zh/blog/simple-calorie-tracking-habits-that-stick/ | ar=https://calkilo.com/ar/blog/simple-calorie-tracking-habits-that-stick/ | fa=https://calkilo.com/fa/blog/simple-calorie-tracking-habits-that-stick/ | it=https://calkilo.com/it/blog/simple-calorie-tracking-habits-that-stick/ | x-default=https://calkilo.com/blog/simple-calorie-tracking-habits-that-stick/","Simple Calorie-Tracking Habits That Stick","Small, consistent habits make calorie tracking manageable and useful. Learn a few practical routines to track without overwhelm and get clearer data for everyday choices.","Simple Calorie-Tracking Habits That Stick","BlogPosting | BreadcrumbList","23","Next.js static export (SSG/prerendered HTML)","/blog/simple-daily-habits-to-make-calorie-tracking-stick/ | /blog/simple-daily-habits-for-easy-and-sustainable-calorie-tracking/ | /blog/simple-calorie-tracking-habits-that-stick-3/ | /blog/simple-calorie-tracking-habits-that-stick-2/ | /blog/simple-habits-for-consistent-calorie-tracking/","Keep; no consolidation proposed without query-by-page evidence"
"https://calkilo.com/bmi-calculator/","en","Adult BMI calculator","200","index","https://calkilo.com/bmi-calculator/","x-default=https://calkilo.com/bmi-calculator/","Free BMI Calculator & Healthy Weight Range | Calkilo","Calculate your adult BMI using metric or US units. See your BMI category and a healthy weight range for your height in seconds.","Know your BMI. Understand the number.","WebPage | WebApplication","21","Next.js static export (SSG/prerendered HTML)","","Keep; no consolidation proposed without query-by-page evidence"
"https://calkilo.com/calkilo-vs-myfitnesspal/","en","Dated product comparison","200","index","https://calkilo.com/calkilo-vs-myfitnesspal/","x-default=https://calkilo.com/calkilo-vs-myfitnesspal/","Calkilo vs MyFitnessPal | Calorie Tracker Comparison","Compare Calkilo and MyFitnessPal for photo food logging, macro tracking, meal planning, Persian food context, and everyday calorie-tracking workflow.","Calkilo vs MyFitnessPal","Article | BreadcrumbList","22","Next.js static export (SSG/prerendered HTML)","","Keep; no consolidation proposed without query-by-page evidence"
"https://calkilo.com/calorie-calculator/","en","Daily calorie and TDEE calculator","200","index","https://calkilo.com/calorie-calculator/","x-default=https://calkilo.com/calorie-calculator/","Calorie Calculator by Goal Date | Calkilo","Calculate daily calories for weight loss, maintenance, or gain using your weight, age, gender, height, activity level, target weight, and goal timeline.","Daily Calorie Calculator for Your Weight Goal","WebPage | WebApplication | BreadcrumbList","20","Next.js static export (SSG/prerendered HTML)","","Keep; no consolidation proposed without query-by-page evidence"
"https://calkilo.com/contact/","en","Product, billing, and privacy support","200","index","https://calkilo.com/contact/","en=https://calkilo.com/contact/ | nl=https://calkilo.com/nl/contact/ | ru=https://calkilo.com/ru/contact/ | zh=https://calkilo.com/zh/contact/ | ar=https://calkilo.com/ar/contact/ | fa=https://calkilo.com/fa/contact/ | it=https://calkilo.com/it/contact/ | x-default=https://calkilo.com/contact/","Contact Calkilo","Contact Calkilo support for product, billing, and privacy requests.","Contact Us","ContactPage | Organization | BreadcrumbList","22","Next.js static export (SSG/prerendered HTML)","/contact | /contact.html","Keep; no consolidation proposed without query-by-page evidence"
"https://calkilo.com/fa/","fa","Product overview and app download","200","index","https://calkilo.com/fa/","en=https://calkilo.com/ | nl=https://calkilo.com/nl/ | ru=https://calkilo.com/ru/ | zh=https://calkilo.com/zh/ | ar=https://calkilo.com/ar/ | fa=https://calkilo.com/fa/ | it=https://calkilo.com/it/ | x-default=https://calkilo.com/","کالری شمار آنلاین غذا با دانلود رایگان | کالکیلو","دانلود Calkilo رایگان است و خرید درون‌برنامه‌ای دارد؛ غذا را ثبت کنید، کالری و ماکروها را ببینید و از تحلیل عکس کمک بگیرید.","کالری شمار آنلاین برای غذای روزانه","Organization | WebSite | WebPage | SoftwareApplication","27","Next.js static export (SSG/prerendered HTML)","","Keep; no consolidation proposed without query-by-page evidence"
"https://calkilo.com/fa/account-deletion/","fa","Policy and account support","200","index","https://calkilo.com/fa/account-deletion/","en=https://calkilo.com/account-deletion/ | nl=https://calkilo.com/nl/account-deletion/ | ru=https://calkilo.com/ru/account-deletion/ | zh=https://calkilo.com/zh/account-deletion/ | ar=https://calkilo.com/ar/account-deletion/ | fa=https://calkilo.com/fa/account-deletion/ | it=https://calkilo.com/it/account-deletion/ | x-default=https://calkilo.com/account-deletion/","درخواست حذف حساب و داده | Calkilo","از این صفحه برای درخواست حذف حساب Calkilo و داده‌های شخصی مرتبط استفاده کنید.","درخواست حذف حساب و داده","WebPage | BreadcrumbList","20","Next.js static export (SSG/prerendered HTML)","","Keep; no consolidation proposed without query-by-page evidence"
"https://calkilo.com/fa/ai-calorie-calculator/","fa","How AI food estimation works","200","index","https://calkilo.com/fa/ai-calorie-calculator/","x-default=https://calkilo.com/fa/ai-calorie-calculator/","هوش مصنوعی کالری شمار | محاسبه کالری غذا با AI","هوش مصنوعی کالری شمار Calkilo با عکس غذا، کالری و ماکروهای وعده را تخمین می‌زند و ثبت روزانه غذا را سریع‌تر می‌کند.","هوش مصنوعی کالری شمار","Organization | WebPage | SoftwareApplication | BreadcrumbList","21","Next.js static export (SSG/prerendered HTML)","","Keep; no consolidation proposed without query-by-page evidence"
"https://calkilo.com/fa/ai-calorie-tracker/","fa","Product guide","200","index","https://calkilo.com/fa/ai-calorie-tracker/","en=https://calkilo.com/ai-calorie-tracker/ | fa=https://calkilo.com/fa/ai-calorie-tracker/ | it=https://calkilo.com/it/ai-calorie-tracker/ | x-default=https://calkilo.com/ai-calorie-tracker/","کالری شمار هوش مصنوعی رایگان | Calkilo","کالکیلو یک کالری شمار هوش مصنوعی برای ثبت غذا از روی عکس، پیگیری ماکروها و برنامه‌ریزی وعده‌ها در آیفون و اندروید است.","کالری شمار هوش مصنوعی برای ثبت سریع غذا","Organization | WebPage | SoftwareApplication | BreadcrumbList","21","Next.js static export (SSG/prerendered HTML)","","Keep; no consolidation proposed without query-by-page evidence"
"https://calkilo.com/fa/blog/","fa","Nutrition article discovery","200","index","https://calkilo.com/fa/blog/","en=https://calkilo.com/blog/ | nl=https://calkilo.com/nl/blog/ | ru=https://calkilo.com/ru/blog/ | zh=https://calkilo.com/zh/blog/ | ar=https://calkilo.com/ar/blog/ | fa=https://calkilo.com/fa/blog/ | it=https://calkilo.com/it/blog/ | x-default=https://calkilo.com/blog/","بلاگ Calkilo | راهنماهای تغذیه و کالری شماری هوش مصنوعی","مقاله‌های Calkilo درباره برنامه غذایی، پیگیری ماکروها، عکس غذا و عادت‌های کاربردی تغذیه را بخوانید.","بلاگ Calkilo","Blog | BreadcrumbList","25","Next.js static export (SSG/prerendered HTML)","","Keep; no consolidation proposed without query-by-page evidence"
"https://calkilo.com/fa/blog/building-balanced-meals-for-sustainable-weight-management/","fa","Nutrition education article","200","index","https://calkilo.com/fa/blog/building-balanced-meals-for-sustainable-weight-management/","en=https://calkilo.com/blog/building-balanced-meals-for-sustainable-weight-management/ | nl=https://calkilo.com/nl/blog/building-balanced-meals-for-sustainable-weight-management/ | ru=https://calkilo.com/ru/blog/building-balanced-meals-for-sustainable-weight-management/ | zh=https://calkilo.com/zh/blog/building-balanced-meals-for-sustainable-weight-management/ | ar=https://calkilo.com/ar/blog/building-balanced-meals-for-sustainable-weight-management/ | fa=https://calkilo.com/fa/blog/building-balanced-meals-for-sustainable-weight-management/ | it=https://calkilo.com/it/blog/building-balanced-meals-for-sustainable-weight-management/ | x-default=https://calkilo.com/blog/building-balanced-meals-for-sustainable-weight-management/","ساختن وعده‌های متعادل برای مدیریت وزن پایدار","راهنمایی عملی و مبتنی بر شواهد برای ترکیب وعده‌های متعادل که از طریق کنترل سهم‌ها، تعادل مواد مغذی و عادات آگاهانه از مدیریت وزن پشتیبانی می‌کنند—بدون رژیم‌های سختگیرانه.","ساختن وعده‌های متعادل برای مدیریت وزن پایدار","BlogPosting | BreadcrumbList","21","Next.js static export (SSG/prerendered HTML)","/fa/blog/building-balanced-meals-for-sustainable-weight-management-5/ | /fa/blog/building-balanced-meals-for-sustainable-weight-management-4/ | /fa/blog/building-balanced-meals-for-sustainable-weight-management-3/ | /fa/blog/balanced-meals-for-sustainable-weight-management/ | /fa/blog/building-balanced-meals-for-sustainable-weight-management-2/","Keep; no consolidation proposed without query-by-page evidence"
"https://calkilo.com/fa/blog/healthy-snacks-for-busy-days-quick-portable-and-satisfying/","fa","Nutrition education article","200","index","https://calkilo.com/fa/blog/healthy-snacks-for-busy-days-quick-portable-and-satisfying/","en=https://calkilo.com/blog/healthy-snacks-for-busy-days-quick-portable-and-satisfying/ | nl=https://calkilo.com/nl/blog/healthy-snacks-for-busy-days-quick-portable-and-satisfying/ | ru=https://calkilo.com/ru/blog/healthy-snacks-for-busy-days-quick-portable-and-satisfying/ | zh=https://calkilo.com/zh/blog/healthy-snacks-for-busy-days-quick-portable-and-satisfying/ | ar=https://calkilo.com/ar/blog/healthy-snacks-for-busy-days-quick-portable-and-satisfying/ | fa=https://calkilo.com/fa/blog/healthy-snacks-for-busy-days-quick-portable-and-satisfying/ | it=https://calkilo.com/it/blog/healthy-snacks-for-busy-days-quick-portable-and-satisfying/ | x-default=https://calkilo.com/blog/healthy-snacks-for-busy-days-quick-portable-and-satisfying/","میان‌وعده‌های سالم برای روزهای پرمشغله: سریع، قابل حمل و رضایت‌بخش","راهنمایی عملی برای میان‌وعده‌های ساده و پرمغذی که می‌توانید آماده کنید یا در حرکت بردارید تا در برنامه‌های شلوغ انرژی ثابت بماند و گرسنگی کنترل شود.","میان‌وعده‌های سالم برای روزهای پرمشغله: سریع، قابل حمل و رضایت‌بخش","BlogPosting | BreadcrumbList","21","Next.js static export (SSG/prerendered HTML)","/fa/blog/healthy-snacks-for-busy-days-quick-portable-and-satisfying-3/ | /fa/blog/healthy-snacks-for-busy-days-quick-portable-and-satisfying-2/ | /fa/blog/healthy-snacks-for-busy-days-quick-portable-and-nutrient-packed/ | /fa/blog/smart-healthy-snacks-for-busy-days-easy-portable-and-balanced/ | /fa/blog/healthy-snacks-for-busy-days-quick-portable-and-satisfying-options/","Keep; no consolidation proposed without query-by-page evidence"
"https://calkilo.com/fa/blog/hydration-and-nutrition-basics-how-to-fuel-and-hydrate-everyday/","fa","Nutrition education article","200","index","https://calkilo.com/fa/blog/hydration-and-nutrition-basics-how-to-fuel-and-hydrate-everyday/","en=https://calkilo.com/blog/hydration-and-nutrition-basics-how-to-fuel-and-hydrate-everyday/ | nl=https://calkilo.com/nl/blog/hydration-and-nutrition-basics-how-to-fuel-and-hydrate-everyday/ | ru=https://calkilo.com/ru/blog/hydration-and-nutrition-basics-how-to-fuel-and-hydrate-everyday/ | zh=https://calkilo.com/zh/blog/hydration-and-nutrition-basics-how-to-fuel-and-hydrate-everyday/ | ar=https://calkilo.com/ar/blog/hydration-and-nutrition-basics-how-to-fuel-and-hydrate-everyday/ | fa=https://calkilo.com/fa/blog/hydration-and-nutrition-basics-how-to-fuel-and-hydrate-everyday/ | it=https://calkilo.com/it/blog/hydration-and-nutrition-basics-how-to-fuel-and-hydrate-everyday/ | x-default=https://calkilo.com/blog/hydration-and-nutrition-basics-how-to-fuel-and-hydrate-everyday/","مبانی هیدراسیون و تغذیه: چگونه روزانه سوخت‌رسانی و هیدراته بمانیم","راهنمایی عملی برای متعادل‌سازی مایعات و مواد مغذی جهت انرژی و رفاه روزانه، با نکات ساده برای ساخت عادات سالم‌تر بدون قوانین سختگیرانه.","مبانی هیدراسیون و تغذیه: چگونه روزانه سوخت‌رسانی و هیدراته بمانیم","BlogPosting | BreadcrumbList","21","Next.js static export (SSG/prerendered HTML)","/fa/blog/hydration-and-nutrition-basics-simple-habits-for-everyday-energy-2/ | /fa/blog/hydration-and-nutrition-basics-fueling-everyday-energy/ | /fa/blog/hydration-and-nutrition-basics-practical-steps-to-fuel-your-day/ | /fa/blog/hydration-and-nutrition-basics-simple-strategies-for-everyday-health/ | /fa/blog/hydration-and-nutrition-basics-simple-habits-for-everyday-energy/","Keep; no consolidation proposed without query-by-page evidence"
"https://calkilo.com/fa/blog/practical-high-protein-meal-planning-build-balanced-sustainable-meals/","fa","Nutrition education article","200","index","https://calkilo.com/fa/blog/practical-high-protein-meal-planning-build-balanced-sustainable-meals/","en=https://calkilo.com/blog/practical-high-protein-meal-planning-simple-strategies-and-sample-day/ | nl=https://calkilo.com/nl/blog/practical-high-protein-meal-planning-build-balanced-sustainable-meals/ | ru=https://calkilo.com/ru/blog/practical-high-protein-meal-planning-build-balanced-sustainable-meals/ | zh=https://calkilo.com/zh/blog/practical-high-protein-meal-planning-build-balanced-sustainable-meals/ | ar=https://calkilo.com/ar/blog/practical-high-protein-meal-planning-build-balanced-sustainable-meals/ | fa=https://calkilo.com/fa/blog/practical-high-protein-meal-planning-build-balanced-sustainable-meals/ | it=https://calkilo.com/it/blog/practical-high-protein-meal-planning-build-balanced-sustainable-meals/ | x-default=https://calkilo.com/blog/practical-high-protein-meal-planning-simple-strategies-and-sample-day/","برنامه‌ریزی عملی وعده‌های غذایی پرپروتئین: ساخت وعده‌های متعادل و پایدار","راهنمایی عملی برای برنامه‌ریزی وعده‌های غذایی پرپروتئین که با زندگی روزمره سازگارند—شامل اهداف بخش‌ها، منابع پروتئین، قالب‌های ساده و یک برنامه نمونه هفت‌روزه برای ساده‌تر و رضایت‌بخش‌تر شدن آماده‌سازی غذا.","برنامه‌ریزی عملی وعده‌های غذایی پرپروتئین: ساخت وعده‌های متعادل و پایدار","BlogPosting | BreadcrumbList","21","Next.js static export (SSG/prerendered HTML)","/fa/blog/high-protein-meal-planning-practical-strategies-for-busy-lives/ | /fa/blog/simple-high-protein-meal-planning-build-balanced-plates-for-any-goal/ | /fa/blog/practical-high-protein-meal-planning-build-balanced-satisfying-meals-for-any-day/ | /fa/blog/practical-high-protein-meal-planning-simple-strategies-and-sample-day-plans/ | /fa/blog/practical-high-protein-meal-planning-simple-strategies-and-sample-meals/","Keep; no consolidation proposed without query-by-page evidence"
"https://calkilo.com/fa/blog/simple-calorie-tracking-habits-that-stick/","fa","Nutrition education article","200","index","https://calkilo.com/fa/blog/simple-calorie-tracking-habits-that-stick/","en=https://calkilo.com/blog/simple-calorie-tracking-habits-that-stick/ | nl=https://calkilo.com/nl/blog/simple-calorie-tracking-habits-that-stick/ | ru=https://calkilo.com/ru/blog/simple-calorie-tracking-habits-that-stick/ | zh=https://calkilo.com/zh/blog/simple-calorie-tracking-habits-that-stick/ | ar=https://calkilo.com/ar/blog/simple-calorie-tracking-habits-that-stick/ | fa=https://calkilo.com/fa/blog/simple-calorie-tracking-habits-that-stick/ | it=https://calkilo.com/it/blog/simple-calorie-tracking-habits-that-stick/ | x-default=https://calkilo.com/blog/simple-calorie-tracking-habits-that-stick/","عادت‌های ساده برای ثبت کالری که ماندگار می‌مانند","عادت‌های کوچک و پیوسته ثبت کالری را قابل‌مدیریت و کاربردی می‌کنند. چند روال عملی یاد بگیرید تا بدون فشار ثبت کنید و داده‌های واضح‌تری برای تصمیم‌های روزانه به‌دست آورید.","عادت‌های ساده برای ثبت کالری که ماندگار می‌مانند","BlogPosting | BreadcrumbList","21","Next.js static export (SSG/prerendered HTML)","/fa/blog/simple-daily-habits-to-make-calorie-tracking-stick/ | /fa/blog/simple-daily-habits-for-easy-and-sustainable-calorie-tracking/ | /fa/blog/simple-calorie-tracking-habits-that-stick-3/ | /fa/blog/simple-calorie-tracking-habits-that-stick-2/ | /fa/blog/simple-habits-for-consistent-calorie-tracking/","Keep; no consolidation proposed without query-by-page evidence"
"https://calkilo.com/fa/calorie-counter-with-photo/","fa","Photo calorie estimation workflow","200","index","https://calkilo.com/fa/calorie-counter-with-photo/","x-default=https://calkilo.com/fa/calorie-counter-with-photo/","کالری شمار با عکس | محاسبه کالری غذا از روی تصویر - Calkilo","با کالری شمار با عکس Calkilo از غذای خود عکس بگیرید و کالری، پروتئین، چربی و کربوهیدرات را با هوش مصنوعی تخمین بزنید.","کالری شمار با عکس","Organization | WebPage | SoftwareApplication | BreadcrumbList","21","Next.js static export (SSG/prerendered HTML)","","Keep; no consolidation proposed without query-by-page evidence"
"https://calkilo.com/fa/calories/falafel/","fa","Persian food calorie reference","200","index","https://calkilo.com/fa/calories/falafel/","x-default=https://calkilo.com/fa/calories/falafel/","کالری فلافل چقدر است؟ | ارزش غذایی و محاسبه با عکس","کالری فلافل در هر 100 گرم و هر وعده را ببینید؛ پروتئین، چربی و کربوهیدرات را بررسی کنید و برای تخمین دقیق‌تر از غذای خود در Calkilo عکس بگیرید.","کالری فلافل چقدر است؟","Organization | WebApplication | WebPage | BreadcrumbList","20","Next.js static export (SSG/prerendered HTML)","","Keep; no consolidation proposed without query-by-page evidence"
"https://calkilo.com/fa/calories/hamburger/","fa","Persian food calorie reference","200","index","https://calkilo.com/fa/calories/hamburger/","x-default=https://calkilo.com/fa/calories/hamburger/","کالری همبرگر چقدر است؟ | ارزش غذایی و محاسبه با عکس","کالری همبرگر در هر 100 گرم و هر وعده را ببینید؛ پروتئین، چربی و کربوهیدرات را بررسی کنید و برای تخمین دقیق‌تر از غذای خود در Calkilo عکس بگیرید.","کالری همبرگر چقدر است؟","Organization | WebApplication | WebPage | BreadcrumbList","20","Next.js static export (SSG/prerendered HTML)","","Keep; no consolidation proposed without query-by-page evidence"
"https://calkilo.com/fa/calories/kebab/","fa","Persian food calorie reference","200","index","https://calkilo.com/fa/calories/kebab/","x-default=https://calkilo.com/fa/calories/kebab/","کالری کباب چقدر است؟ | ارزش غذایی و محاسبه با عکس","کالری کباب در هر 100 گرم و هر وعده را ببینید؛ پروتئین، چربی و کربوهیدرات را بررسی کنید و برای تخمین دقیق‌تر از غذای خود در Calkilo عکس بگیرید.","کالری کباب چقدر است؟","Organization | WebApplication | WebPage | BreadcrumbList","20","Next.js static export (SSG/prerendered HTML)","","Keep; no consolidation proposed without query-by-page evidence"
"https://calkilo.com/fa/calories/pizza/","fa","Persian food calorie reference","200","index","https://calkilo.com/fa/calories/pizza/","x-default=https://calkilo.com/fa/calories/pizza/","کالری پیتزا چقدر است؟ | ارزش غذایی و محاسبه با عکس","کالری پیتزا در هر 100 گرم و هر وعده را ببینید؛ پروتئین، چربی و کربوهیدرات را بررسی کنید و برای تخمین دقیق‌تر از غذای خود در Calkilo عکس بگیرید.","کالری پیتزا چقدر است؟","Organization | WebApplication | WebPage | BreadcrumbList","20","Next.js static export (SSG/prerendered HTML)","","Keep; no consolidation proposed without query-by-page evidence"
"https://calkilo.com/fa/calories/rice/","fa","Persian food calorie reference","200","index","https://calkilo.com/fa/calories/rice/","x-default=https://calkilo.com/fa/calories/rice/","کالری برنج چقدر است؟ | ارزش غذایی و محاسبه با عکس","کالری برنج در هر 100 گرم و هر وعده را ببینید؛ پروتئین، چربی و کربوهیدرات را بررسی کنید و برای تخمین دقیق‌تر از غذای خود در Calkilo عکس بگیرید.","کالری برنج چقدر است؟","Organization | WebApplication | WebPage | BreadcrumbList","20","Next.js static export (SSG/prerendered HTML)","","Keep; no consolidation proposed without query-by-page evidence"
"https://calkilo.com/fa/contact/","fa","Product, billing, and privacy support","200","index","https://calkilo.com/fa/contact/","en=https://calkilo.com/contact/ | nl=https://calkilo.com/nl/contact/ | ru=https://calkilo.com/ru/contact/ | zh=https://calkilo.com/zh/contact/ | ar=https://calkilo.com/ar/contact/ | fa=https://calkilo.com/fa/contact/ | it=https://calkilo.com/it/contact/ | x-default=https://calkilo.com/contact/","تماس با Calkilo","برای درخواست‌های محصول، پرداخت و حریم خصوصی با پشتیبانی Calkilo تماس بگیرید.","تماس با ما","ContactPage | Organization | BreadcrumbList","20","Next.js static export (SSG/prerendered HTML)","","Keep; no consolidation proposed without query-by-page evidence"
"https://calkilo.com/fa/examples/burger-scan/","fa","Illustrative Persian scan example","200","index","https://calkilo.com/fa/examples/burger-scan/","x-default=https://calkilo.com/fa/examples/burger-scan/","نمونه اسکن کالری برگر با هوش مصنوعی | Calkilo","نمونه تخمین کالری برگر با Calkilo: کالری، پروتئین، چربی و کربوهیدرات را ببینید و غذای خودتان را با عکس اسکن کنید.","نمونه اسکن کالری برگر","Organization | WebApplication | WebPage | BreadcrumbList","18","Next.js static export (SSG/prerendered HTML)","","Keep; no consolidation proposed without query-by-page evidence"
"https://calkilo.com/fa/examples/kebab-scan/","fa","Illustrative Persian scan example","200","index","https://calkilo.com/fa/examples/kebab-scan/","x-default=https://calkilo.com/fa/examples/kebab-scan/","نمونه اسکن کالری کباب با برنج با هوش مصنوعی | Calkilo","نمونه تخمین کالری کباب با برنج با Calkilo: کالری، پروتئین، چربی و کربوهیدرات را ببینید و غذای خودتان را با عکس اسکن کنید.","نمونه اسکن کالری کباب با برنج","Organization | WebApplication | WebPage | BreadcrumbList","18","Next.js static export (SSG/prerendered HTML)","","Keep; no consolidation proposed without query-by-page evidence"
"https://calkilo.com/fa/examples/pizza-scan/","fa","Illustrative Persian scan example","200","index","https://calkilo.com/fa/examples/pizza-scan/","x-default=https://calkilo.com/fa/examples/pizza-scan/","نمونه اسکن کالری پیتزا با هوش مصنوعی | Calkilo","نمونه تخمین کالری پیتزا با Calkilo: کالری، پروتئین، چربی و کربوهیدرات را ببینید و غذای خودتان را با عکس اسکن کنید.","نمونه اسکن کالری پیتزا","Organization | WebApplication | WebPage | BreadcrumbList","18","Next.js static export (SSG/prerendered HTML)","","Keep; no consolidation proposed without query-by-page evidence"
"https://calkilo.com/fa/food-calorie-scanner/","fa","Camera scanning workflow","200","index","https://calkilo.com/fa/food-calorie-scanner/","x-default=https://calkilo.com/fa/food-calorie-scanner/","اسکن کالری غذا | تشخیص کالری غذا با عکس","با اسکن کالری غذا در Calkilo از وعده خود عکس بگیرید و کالری، پروتئین، چربی و کربوهیدرات را با هوش مصنوعی تخمین بزنید.","اسکن کالری غذا","Organization | WebPage | SoftwareApplication | BreadcrumbList","21","Next.js static export (SSG/prerendered HTML)","","Keep; no consolidation proposed without query-by-page evidence"
"https://calkilo.com/fa/free-photo-calorie-calculator/","fa","Free-download and photo-scan limits","200","index","https://calkilo.com/fa/free-photo-calorie-calculator/","x-default=https://calkilo.com/fa/free-photo-calorie-calculator/","کالری شمار با عکس رایگان | تخمین کالری غذا با هوش مصنوعی","Calkilo برای دانلود رایگان است و خرید درون‌برنامه‌ای دارد؛ پیش از اسکن، محدودیت‌های نسخه و بازار خود را داخل اپ بررسی کنید.","کالری شمار با عکس رایگان","Organization | WebPage | SoftwareApplication | BreadcrumbList","21","Next.js static export (SSG/prerendered HTML)","","Keep; no consolidation proposed without query-by-page evidence"
"https://calkilo.com/fa/macro-tracker/","fa","Daily calorie and macro tracking","200","index","https://calkilo.com/fa/macro-tracker/","en=https://calkilo.com/macro-tracker/ | fa=https://calkilo.com/fa/macro-tracker/ | x-default=https://calkilo.com/macro-tracker/","برنامه پیگیری ماکرو و کالری | کالکیلو","با کالکیلو کالری، پروتئین، کربوهیدرات و چربی را همراه با ثبت غذا از روی عکس و برنامه‌ریزی وعده‌ها دنبال کنید.","پیگیری ماکروها همراه با کالری شمار هوش مصنوعی","Organization | WebPage | SoftwareApplication | BreadcrumbList","21","Next.js static export (SSG/prerendered HTML)","","Keep; no consolidation proposed without query-by-page evidence"
"https://calkilo.com/fa/photo-calorie-calculator/","fa","Photo calorie estimation workflow","200","index","https://calkilo.com/fa/photo-calorie-calculator/","en=https://calkilo.com/photo-calorie-calculator/ | fa=https://calkilo.com/fa/photo-calorie-calculator/ | it=https://calkilo.com/it/photo-calorie-calculator/ | x-default=https://calkilo.com/photo-calorie-calculator/","کالری شمار با عکس رایگان | محاسبه کالری غذا با هوش مصنوعی - Calkilo","Calkilo برای دانلود رایگان است و خرید درون‌برنامه‌ای دارد؛ از غذا عکس بگیرید، تخمین کالری و ماکروها را بررسی و اصلاح کنید.","کالری شمار با عکس رایگان","Organization | WebPage | SoftwareApplication | BreadcrumbList","21","Next.js static export (SSG/prerendered HTML)","","Keep; no consolidation proposed without query-by-page evidence"
"https://calkilo.com/fa/privacy-policy/","fa","Policy and account support","200","index","https://calkilo.com/fa/privacy-policy/","en=https://calkilo.com/privacy-policy/ | nl=https://calkilo.com/nl/privacy-policy/ | ru=https://calkilo.com/ru/privacy-policy/ | zh=https://calkilo.com/zh/privacy-policy/ | ar=https://calkilo.com/ar/privacy-policy/ | fa=https://calkilo.com/fa/privacy-policy/ | it=https://calkilo.com/it/privacy-policy/ | x-default=https://calkilo.com/privacy-policy/","سیاست حریم خصوصی Calkilo","سیاست حریم خصوصی Calkilo را بخوانید و ببینید چگونه داده‌های شما را جمع‌آوری، استفاده و محافظت می‌کنیم.","سیاست حریم خصوصی","PrivacyPolicy | BreadcrumbList","20","Next.js static export (SSG/prerendered HTML)","","Keep; no consolidation proposed without query-by-page evidence"
"https://calkilo.com/fa/terms-and-conditions/","fa","Policy and account support","200","index","https://calkilo.com/fa/terms-and-conditions/","en=https://calkilo.com/terms-and-conditions/ | nl=https://calkilo.com/nl/terms-and-conditions/ | ru=https://calkilo.com/ru/terms-and-conditions/ | zh=https://calkilo.com/zh/terms-and-conditions/ | ar=https://calkilo.com/ar/terms-and-conditions/ | fa=https://calkilo.com/fa/terms-and-conditions/ | it=https://calkilo.com/it/terms-and-conditions/ | x-default=https://calkilo.com/terms-and-conditions/","قوانین و شرایط Calkilo","قوانین و شرایط Calkilo را برای استفاده از حساب، اشتراک‌ها و شرایط حقوقی بخوانید.","قوانین و شرایط","WebPage | BreadcrumbList","20","Next.js static export (SSG/prerendered HTML)","","Keep; no consolidation proposed without query-by-page evidence"
"https://calkilo.com/fa/terms-of-service/","fa","Policy and account support","200","index","https://calkilo.com/fa/terms-of-service/","en=https://calkilo.com/terms-of-service/ | nl=https://calkilo.com/nl/terms-of-service/ | ru=https://calkilo.com/ru/terms-of-service/ | zh=https://calkilo.com/zh/terms-of-service/ | ar=https://calkilo.com/ar/terms-of-service/ | fa=https://calkilo.com/fa/terms-of-service/ | it=https://calkilo.com/it/terms-of-service/ | x-default=https://calkilo.com/terms-of-service/","شرایط استفاده Calkilo","شرایط استفاده Calkilo را برای نحوه استفاده از حساب، اشتراک‌ها و شرایط حقوقی بخوانید.","شرایط استفاده","WebPage | BreadcrumbList","20","Next.js static export (SSG/prerendered HTML)","","Keep; no consolidation proposed without query-by-page evidence"
"https://calkilo.com/faq/","en","Product and support questions","200","index","https://calkilo.com/faq/","en=https://calkilo.com/faq/ | x-default=https://calkilo.com/faq/","Calkilo FAQ | AI Calorie Tracker Questions Answered","Find answers about calorie tracking, photo food logging, meal plans, subscriptions, privacy, and device integrations in Calkilo.","Frequently Asked Questions About Calkilo","Organization | WebPage | SoftwareApplication | BreadcrumbList","24","Next.js static export (SSG/prerendered HTML)","/faq.html","Keep; no consolidation proposed without query-by-page evidence"
"https://calkilo.com/features/","en","Verified product capabilities","200","index","https://calkilo.com/features/","x-default=https://calkilo.com/features/","Calkilo Features | AI Calorie Tracking, Macros & Meal Plans","Explore Calkilo features including photo calorie tracking, macro tracking, AI meal planning, progress views, and health app integrations.","Calkilo features for faster calorie and macro tracking","WebPage | SoftwareApplication | BreadcrumbList","22","Next.js static export (SSG/prerendered HTML)","","Keep; no consolidation proposed without query-by-page evidence"
"https://calkilo.com/it/","it","Product overview and app download","200","index","https://calkilo.com/it/","en=https://calkilo.com/ | nl=https://calkilo.com/nl/ | ru=https://calkilo.com/ru/ | zh=https://calkilo.com/zh/ | ar=https://calkilo.com/ar/ | fa=https://calkilo.com/fa/ | it=https://calkilo.com/it/ | x-default=https://calkilo.com/","Calcolo calorie AI da foto | Calkilo","Scatta una foto del pasto e calcola calorie, macro e nutrizione con AI. Calkilo ti aiuta a registrare il diario alimentare su iPhone e Android.","Calcolo calorie AI da foto","Organization | WebSite | WebPage | SoftwareApplication","24","Next.js static export (SSG/prerendered HTML)","","Keep; no consolidation proposed without query-by-page evidence"
"https://calkilo.com/it/account-deletion/","it","Policy and account support","200","index","https://calkilo.com/it/account-deletion/","en=https://calkilo.com/account-deletion/ | nl=https://calkilo.com/nl/account-deletion/ | ru=https://calkilo.com/ru/account-deletion/ | zh=https://calkilo.com/zh/account-deletion/ | ar=https://calkilo.com/ar/account-deletion/ | fa=https://calkilo.com/fa/account-deletion/ | it=https://calkilo.com/it/account-deletion/ | x-default=https://calkilo.com/account-deletion/","Richiedi eliminazione account e dati | Calkilo","Usa questa pagina per richiedere la cancellazione del tuo account Calkilo e dei dati personali associati.","Richiedi eliminazione account e dati","WebPage | BreadcrumbList","20","Next.js static export (SSG/prerendered HTML)","","Keep; no consolidation proposed without query-by-page evidence"
"https://calkilo.com/it/ai-calorie-tracker/","it","Product guide","200","index","https://calkilo.com/it/ai-calorie-tracker/","en=https://calkilo.com/ai-calorie-tracker/ | fa=https://calkilo.com/fa/ai-calorie-tracker/ | it=https://calkilo.com/it/ai-calorie-tracker/ | x-default=https://calkilo.com/ai-calorie-tracker/","App contacalorie AI gratis: diario e macro | Calkilo","Inizia gratis con Calkilo: registra pasti da foto, controlla calorie e macro e segui il diario alimentare su iPhone e Android.","App contacalorie AI gratis per il diario alimentare","Organization | WebPage | SoftwareApplication | BreadcrumbList","18","Next.js static export (SSG/prerendered HTML)","","Keep; no consolidation proposed without query-by-page evidence"
"https://calkilo.com/it/blog/","it","Nutrition article discovery","200","index","https://calkilo.com/it/blog/","en=https://calkilo.com/blog/ | nl=https://calkilo.com/nl/blog/ | ru=https://calkilo.com/ru/blog/ | zh=https://calkilo.com/zh/blog/ | ar=https://calkilo.com/ar/blog/ | fa=https://calkilo.com/fa/blog/ | it=https://calkilo.com/it/blog/ | x-default=https://calkilo.com/blog/","Blog Calkilo | Guide nutrizione e tracking calorie AI","Leggi articoli Calkilo su pianificazione pasti, macro, foto del cibo e abitudini nutrizionali pratiche.","Blog Calkilo","Blog | BreadcrumbList","25","Next.js static export (SSG/prerendered HTML)","","Keep; no consolidation proposed without query-by-page evidence"
"https://calkilo.com/it/blog/building-balanced-meals-for-sustainable-weight-management/","it","Nutrition education article","200","index","https://calkilo.com/it/blog/building-balanced-meals-for-sustainable-weight-management/","en=https://calkilo.com/blog/building-balanced-meals-for-sustainable-weight-management/ | nl=https://calkilo.com/nl/blog/building-balanced-meals-for-sustainable-weight-management/ | ru=https://calkilo.com/ru/blog/building-balanced-meals-for-sustainable-weight-management/ | zh=https://calkilo.com/zh/blog/building-balanced-meals-for-sustainable-weight-management/ | ar=https://calkilo.com/ar/blog/building-balanced-meals-for-sustainable-weight-management/ | fa=https://calkilo.com/fa/blog/building-balanced-meals-for-sustainable-weight-management/ | it=https://calkilo.com/it/blog/building-balanced-meals-for-sustainable-weight-management/ | x-default=https://calkilo.com/blog/building-balanced-meals-for-sustainable-weight-management/","Costruire Pasti Bilanciati per una Gestione del Peso Sostenibile","Indicazioni pratiche e basate sulle evidenze per comporre pasti bilanciati che supportano la gestione del peso tramite controllo delle porzioni, equilibrio dei nutrienti e abitudini consapevoli—senza diete rigide.","Costruire Pasti Bilanciati per una Gestione del Peso Sostenibile","BlogPosting | BreadcrumbList","21","Next.js static export (SSG/prerendered HTML)","/it/blog/building-balanced-meals-for-sustainable-weight-management-5/ | /it/blog/building-balanced-meals-for-sustainable-weight-management-4/ | /it/blog/building-balanced-meals-for-sustainable-weight-management-3/ | /it/blog/balanced-meals-for-sustainable-weight-management/ | /it/blog/building-balanced-meals-for-sustainable-weight-management-2/","Keep; no consolidation proposed without query-by-page evidence"
"https://calkilo.com/it/blog/healthy-snacks-for-busy-days-quick-portable-and-satisfying/","it","Nutrition education article","200","index","https://calkilo.com/it/blog/healthy-snacks-for-busy-days-quick-portable-and-satisfying/","en=https://calkilo.com/blog/healthy-snacks-for-busy-days-quick-portable-and-satisfying/ | nl=https://calkilo.com/nl/blog/healthy-snacks-for-busy-days-quick-portable-and-satisfying/ | ru=https://calkilo.com/ru/blog/healthy-snacks-for-busy-days-quick-portable-and-satisfying/ | zh=https://calkilo.com/zh/blog/healthy-snacks-for-busy-days-quick-portable-and-satisfying/ | ar=https://calkilo.com/ar/blog/healthy-snacks-for-busy-days-quick-portable-and-satisfying/ | fa=https://calkilo.com/fa/blog/healthy-snacks-for-busy-days-quick-portable-and-satisfying/ | it=https://calkilo.com/it/blog/healthy-snacks-for-busy-days-quick-portable-and-satisfying/ | x-default=https://calkilo.com/blog/healthy-snacks-for-busy-days-quick-portable-and-satisfying/","Spuntini sani per giornate intense: veloci, portatili e soddisfacenti","Una guida pratica a spuntini semplici e nutrienti che puoi preparare o prendere al volo per mantenere l'energia stabile e controllare la fame durante i ritmi frenetici.","Spuntini sani per giornate intense: veloci, portatili e soddisfacenti","BlogPosting | BreadcrumbList","21","Next.js static export (SSG/prerendered HTML)","/it/blog/healthy-snacks-for-busy-days-quick-portable-and-satisfying-3/ | /it/blog/healthy-snacks-for-busy-days-quick-portable-and-satisfying-2/ | /it/blog/healthy-snacks-for-busy-days-quick-portable-and-nutrient-packed/ | /it/blog/smart-healthy-snacks-for-busy-days-easy-portable-and-balanced/ | /it/blog/healthy-snacks-for-busy-days-quick-portable-and-satisfying-options/","Keep; no consolidation proposed without query-by-page evidence"
"https://calkilo.com/it/blog/hydration-and-nutrition-basics-how-to-fuel-and-hydrate-everyday/","it","Nutrition education article","200","index","https://calkilo.com/it/blog/hydration-and-nutrition-basics-how-to-fuel-and-hydrate-everyday/","en=https://calkilo.com/blog/hydration-and-nutrition-basics-how-to-fuel-and-hydrate-everyday/ | nl=https://calkilo.com/nl/blog/hydration-and-nutrition-basics-how-to-fuel-and-hydrate-everyday/ | ru=https://calkilo.com/ru/blog/hydration-and-nutrition-basics-how-to-fuel-and-hydrate-everyday/ | zh=https://calkilo.com/zh/blog/hydration-and-nutrition-basics-how-to-fuel-and-hydrate-everyday/ | ar=https://calkilo.com/ar/blog/hydration-and-nutrition-basics-how-to-fuel-and-hydrate-everyday/ | fa=https://calkilo.com/fa/blog/hydration-and-nutrition-basics-how-to-fuel-and-hydrate-everyday/ | it=https://calkilo.com/it/blog/hydration-and-nutrition-basics-how-to-fuel-and-hydrate-everyday/ | x-default=https://calkilo.com/blog/hydration-and-nutrition-basics-how-to-fuel-and-hydrate-everyday/","Nozioni di base su idratazione e nutrizione: come alimentarsi e idratarsi ogni giorno","Indicazioni pratiche per bilanciare liquidi e nutrienti per energia e benessere quotidiano, con consigli semplici per costruire abitudini più sane senza regole rigide.","Nozioni di base su idratazione e nutrizione: come alimentarsi e idratarsi ogni giorno","BlogPosting | BreadcrumbList","21","Next.js static export (SSG/prerendered HTML)","/it/blog/hydration-and-nutrition-basics-simple-habits-for-everyday-energy-2/ | /it/blog/hydration-and-nutrition-basics-fueling-everyday-energy/ | /it/blog/hydration-and-nutrition-basics-practical-steps-to-fuel-your-day/ | /it/blog/hydration-and-nutrition-basics-simple-strategies-for-everyday-health/ | /it/blog/hydration-and-nutrition-basics-simple-habits-for-everyday-energy/","Keep; no consolidation proposed without query-by-page evidence"
"https://calkilo.com/it/blog/practical-high-protein-meal-planning-build-balanced-sustainable-meals/","it","Nutrition education article","200","index","https://calkilo.com/it/blog/practical-high-protein-meal-planning-build-balanced-sustainable-meals/","en=https://calkilo.com/blog/practical-high-protein-meal-planning-simple-strategies-and-sample-day/ | nl=https://calkilo.com/nl/blog/practical-high-protein-meal-planning-build-balanced-sustainable-meals/ | ru=https://calkilo.com/ru/blog/practical-high-protein-meal-planning-build-balanced-sustainable-meals/ | zh=https://calkilo.com/zh/blog/practical-high-protein-meal-planning-build-balanced-sustainable-meals/ | ar=https://calkilo.com/ar/blog/practical-high-protein-meal-planning-build-balanced-sustainable-meals/ | fa=https://calkilo.com/fa/blog/practical-high-protein-meal-planning-build-balanced-sustainable-meals/ | it=https://calkilo.com/it/blog/practical-high-protein-meal-planning-build-balanced-sustainable-meals/ | x-default=https://calkilo.com/blog/practical-high-protein-meal-planning-simple-strategies-and-sample-day/","Pianificazione pratica di pasti ad alto contenuto proteico: costruire pasti equilibrati e sostenibili","Una guida pratica per pianificare pasti ad alto contenuto proteico adatti alla vita quotidiana—copre obiettivi di porzione, fonti di proteine, modelli semplici e un piano campione di una settimana per rendere la preparazione dei pasti più semplice e soddisfacente.","Pianificazione pratica di pasti ad alto contenuto proteico: costruire pasti equilibrati e sostenibili","BlogPosting | BreadcrumbList","21","Next.js static export (SSG/prerendered HTML)","/it/blog/high-protein-meal-planning-practical-strategies-for-busy-lives/ | /it/blog/simple-high-protein-meal-planning-build-balanced-plates-for-any-goal/ | /it/blog/practical-high-protein-meal-planning-build-balanced-satisfying-meals-for-any-day/ | /it/blog/practical-high-protein-meal-planning-simple-strategies-and-sample-day-plans/ | /it/blog/practical-high-protein-meal-planning-simple-strategies-and-sample-meals/","Keep; no consolidation proposed without query-by-page evidence"
"https://calkilo.com/it/blog/simple-calorie-tracking-habits-that-stick/","it","Nutrition education article","200","index","https://calkilo.com/it/blog/simple-calorie-tracking-habits-that-stick/","en=https://calkilo.com/blog/simple-calorie-tracking-habits-that-stick/ | nl=https://calkilo.com/nl/blog/simple-calorie-tracking-habits-that-stick/ | ru=https://calkilo.com/ru/blog/simple-calorie-tracking-habits-that-stick/ | zh=https://calkilo.com/zh/blog/simple-calorie-tracking-habits-that-stick/ | ar=https://calkilo.com/ar/blog/simple-calorie-tracking-habits-that-stick/ | fa=https://calkilo.com/fa/blog/simple-calorie-tracking-habits-that-stick/ | it=https://calkilo.com/it/blog/simple-calorie-tracking-habits-that-stick/ | x-default=https://calkilo.com/blog/simple-calorie-tracking-habits-that-stick/","Abitudini semplici per tracciare le calorie che rimangono","Abitudini piccole e costanti rendono il tracciamento delle calorie gestibile e utile. Scopri alcune routine pratiche per registrare senza sopraffazione e ottenere dati più chiari per le scelte quotidiane.","Abitudini semplici per tracciare le calorie che rimangono","BlogPosting | BreadcrumbList","21","Next.js static export (SSG/prerendered HTML)","/it/blog/simple-daily-habits-to-make-calorie-tracking-stick/ | /it/blog/simple-daily-habits-for-easy-and-sustainable-calorie-tracking/ | /it/blog/simple-calorie-tracking-habits-that-stick-3/ | /it/blog/simple-calorie-tracking-habits-that-stick-2/ | /it/blog/simple-habits-for-consistent-calorie-tracking/","Keep; no consolidation proposed without query-by-page evidence"
"https://calkilo.com/it/calcolo-calorie-con-foto-gratis/","it","Free-download and photo-scan limits","200","index","https://calkilo.com/it/calcolo-calorie-con-foto-gratis/","x-default=https://calkilo.com/it/calcolo-calorie-con-foto-gratis/","Calcolo calorie con foto gratis e AI | Calkilo","Prova il calcolo calorie con foto di Calkilo: fotografa il pasto, ottieni una stima AI di calorie e macro e controlla il risultato.","Calcolo calorie con foto gratis","Organization | WebPage | SoftwareApplication | BreadcrumbList","18","Next.js static export (SSG/prerendered HTML)","","Keep; no consolidation proposed without query-by-page evidence"
"https://calkilo.com/it/contact/","it","Product, billing, and privacy support","200","index","https://calkilo.com/it/contact/","en=https://calkilo.com/contact/ | nl=https://calkilo.com/nl/contact/ | ru=https://calkilo.com/ru/contact/ | zh=https://calkilo.com/zh/contact/ | ar=https://calkilo.com/ar/contact/ | fa=https://calkilo.com/fa/contact/ | it=https://calkilo.com/it/contact/ | x-default=https://calkilo.com/contact/","Contatta Calkilo","Contatta il supporto Calkilo per richieste su prodotto, fatturazione e privacy.","Contattaci","ContactPage | Organization | BreadcrumbList","20","Next.js static export (SSG/prerendered HTML)","","Keep; no consolidation proposed without query-by-page evidence"
"https://calkilo.com/it/intelligenza-artificiale-calorie/","it","How AI food estimation works","200","index","https://calkilo.com/it/intelligenza-artificiale-calorie/","x-default=https://calkilo.com/it/intelligenza-artificiale-calorie/","Intelligenza artificiale per calorie da foto | Calkilo","Scopri come l’intelligenza artificiale analizza una foto del cibo, stima calorie e macro e perché porzioni e ingredienti vanno controllati.","Come l’intelligenza artificiale stima le calorie","Organization | WebPage | SoftwareApplication | BreadcrumbList","18","Next.js static export (SSG/prerendered HTML)","","Keep; no consolidation proposed without query-by-page evidence"
"https://calkilo.com/it/photo-calorie-calculator/","it","Photo calorie estimation workflow","200","index","https://calkilo.com/it/photo-calorie-calculator/","en=https://calkilo.com/photo-calorie-calculator/ | fa=https://calkilo.com/fa/photo-calorie-calculator/ | it=https://calkilo.com/it/photo-calorie-calculator/ | x-default=https://calkilo.com/photo-calorie-calculator/","Calcolo calorie da foto gratis con AI | Calkilo","Scatta una foto di un pasto reale e stima gratis calorie, proteine, carboidrati e grassi con l’AI; controlla il risultato prima di salvarlo.","Calcolo calorie da foto gratis per pasti e snack","Organization | WebPage | SoftwareApplication | BreadcrumbList","18","Next.js static export (SSG/prerendered HTML)","","Keep; no consolidation proposed without query-by-page evidence"
"https://calkilo.com/it/privacy-policy/","it","Policy and account support","200","index","https://calkilo.com/it/privacy-policy/","en=https://calkilo.com/privacy-policy/ | nl=https://calkilo.com/nl/privacy-policy/ | ru=https://calkilo.com/ru/privacy-policy/ | zh=https://calkilo.com/zh/privacy-policy/ | ar=https://calkilo.com/ar/privacy-policy/ | fa=https://calkilo.com/fa/privacy-policy/ | it=https://calkilo.com/it/privacy-policy/ | x-default=https://calkilo.com/privacy-policy/","Informativa sulla privacy di Calkilo","Leggi l'informativa sulla privacy di Calkilo e scopri come raccogliamo, utilizziamo e proteggiamo i tuoi dati.","Informativa sulla privacy","PrivacyPolicy | BreadcrumbList","20","Next.js static export (SSG/prerendered HTML)","","Keep; no consolidation proposed without query-by-page evidence"
"https://calkilo.com/it/terms-and-conditions/","it","Policy and account support","200","index","https://calkilo.com/it/terms-and-conditions/","en=https://calkilo.com/terms-and-conditions/ | nl=https://calkilo.com/nl/terms-and-conditions/ | ru=https://calkilo.com/ru/terms-and-conditions/ | zh=https://calkilo.com/zh/terms-and-conditions/ | ar=https://calkilo.com/ar/terms-and-conditions/ | fa=https://calkilo.com/fa/terms-and-conditions/ | it=https://calkilo.com/it/terms-and-conditions/ | x-default=https://calkilo.com/terms-and-conditions/","Termini e condizioni di Calkilo","Leggi i termini e condizioni di Calkilo per l'uso dell'account, gli abbonamenti e le condizioni legali.","Termini e condizioni","WebPage | BreadcrumbList","20","Next.js static export (SSG/prerendered HTML)","","Keep; no consolidation proposed without query-by-page evidence"
"https://calkilo.com/it/terms-of-service/","it","Policy and account support","200","index","https://calkilo.com/it/terms-of-service/","en=https://calkilo.com/terms-of-service/ | nl=https://calkilo.com/nl/terms-of-service/ | ru=https://calkilo.com/ru/terms-of-service/ | zh=https://calkilo.com/zh/terms-of-service/ | ar=https://calkilo.com/ar/terms-of-service/ | fa=https://calkilo.com/fa/terms-of-service/ | it=https://calkilo.com/it/terms-of-service/ | x-default=https://calkilo.com/terms-of-service/","Termini di servizio di Calkilo","Leggi i termini di servizio di Calkilo per l'uso dell'account, gli abbonamenti e le condizioni legali.","Termini di servizio","WebPage | BreadcrumbList","20","Next.js static export (SSG/prerendered HTML)","","Keep; no consolidation proposed without query-by-page evidence"
"https://calkilo.com/macro-tracker/","en","Daily calorie and macro tracking","200","index","https://calkilo.com/macro-tracker/","en=https://calkilo.com/macro-tracker/ | fa=https://calkilo.com/fa/macro-tracker/ | x-default=https://calkilo.com/macro-tracker/","Macro Tracker App with AI Food Logging | Calkilo","Track calories, protein, carbs, and fats with Calkilo. Use AI food logging, photo calorie estimates, and nutrition planning on iPhone and Android.","Macro Tracker App with AI Food Logging","Organization | WebPage | SoftwareApplication | BreadcrumbList","24","Next.js static export (SSG/prerendered HTML)","","Keep; no consolidation proposed without query-by-page evidence"
"https://calkilo.com/nl/","nl","Product overview and app download","200","index","https://calkilo.com/nl/","en=https://calkilo.com/ | nl=https://calkilo.com/nl/ | ru=https://calkilo.com/ru/ | zh=https://calkilo.com/zh/ | ar=https://calkilo.com/ar/ | fa=https://calkilo.com/fa/ | it=https://calkilo.com/it/ | x-default=https://calkilo.com/","Calkilo | AI-calorietracker en voedingsapp","Schat calorieen met AI, ontvang persoonlijke maaltijdplannen en volg je voeding op al je apparaten.","Schat calorieen met AI","Organization | WebSite | WebPage | SoftwareApplication","23","Next.js static export (SSG/prerendered HTML)","","Keep; no consolidation proposed without query-by-page evidence"
"https://calkilo.com/nl/account-deletion/","nl","Policy and account support","200","index","https://calkilo.com/nl/account-deletion/","en=https://calkilo.com/account-deletion/ | nl=https://calkilo.com/nl/account-deletion/ | ru=https://calkilo.com/ru/account-deletion/ | zh=https://calkilo.com/zh/account-deletion/ | ar=https://calkilo.com/ar/account-deletion/ | fa=https://calkilo.com/fa/account-deletion/ | it=https://calkilo.com/it/account-deletion/ | x-default=https://calkilo.com/account-deletion/","Account- en gegevensverwijdering aanvragen | Calkilo","Gebruik deze pagina om verwijdering van je Calkilo-account en bijbehorende persoonsgegevens aan te vragen.","Account- en gegevensverwijdering aanvragen","WebPage | BreadcrumbList","20","Next.js static export (SSG/prerendered HTML)","","Keep; no consolidation proposed without query-by-page evidence"
"https://calkilo.com/nl/blog/","nl","Nutrition article discovery","200","index","https://calkilo.com/nl/blog/","en=https://calkilo.com/blog/ | nl=https://calkilo.com/nl/blog/ | ru=https://calkilo.com/ru/blog/ | zh=https://calkilo.com/zh/blog/ | ar=https://calkilo.com/ar/blog/ | fa=https://calkilo.com/fa/blog/ | it=https://calkilo.com/it/blog/ | x-default=https://calkilo.com/blog/","Calkilo Blog | Gidsen voor voeding en AI calorie tracking","Lees Calkilo blogposts over maaltijdplanning, macrotracking, voedselfoto’s en praktische voeding.","Calkilo blog","Blog | BreadcrumbList","25","Next.js static export (SSG/prerendered HTML)","","Keep; no consolidation proposed without query-by-page evidence"
"https://calkilo.com/nl/blog/building-balanced-meals-for-sustainable-weight-management/","nl","Nutrition education article","200","index","https://calkilo.com/nl/blog/building-balanced-meals-for-sustainable-weight-management/","en=https://calkilo.com/blog/building-balanced-meals-for-sustainable-weight-management/ | nl=https://calkilo.com/nl/blog/building-balanced-meals-for-sustainable-weight-management/ | ru=https://calkilo.com/ru/blog/building-balanced-meals-for-sustainable-weight-management/ | zh=https://calkilo.com/zh/blog/building-balanced-meals-for-sustainable-weight-management/ | ar=https://calkilo.com/ar/blog/building-balanced-meals-for-sustainable-weight-management/ | fa=https://calkilo.com/fa/blog/building-balanced-meals-for-sustainable-weight-management/ | it=https://calkilo.com/it/blog/building-balanced-meals-for-sustainable-weight-management/ | x-default=https://calkilo.com/blog/building-balanced-meals-for-sustainable-weight-management/","Evenwichtige maaltijden samenstellen voor duurzaam gewichtsbeheer","Praktische, op bewijs gebaseerde richtlijnen voor het samenstellen van evenwichtige maaltijden die gewichtsbeheer ondersteunen via portiecontrole, voedingsbalans en aandachtige gewoonten — zonder rigide diëten.","Evenwichtige maaltijden samenstellen voor duurzaam gewichtsbeheer","BlogPosting | BreadcrumbList","21","Next.js static export (SSG/prerendered HTML)","/nl/blog/building-balanced-meals-for-sustainable-weight-management-5/ | /nl/blog/building-balanced-meals-for-sustainable-weight-management-4/ | /nl/blog/building-balanced-meals-for-sustainable-weight-management-3/ | /nl/blog/balanced-meals-for-sustainable-weight-management/ | /nl/blog/building-balanced-meals-for-sustainable-weight-management-2/","Keep; no consolidation proposed without query-by-page evidence"
"https://calkilo.com/nl/blog/healthy-snacks-for-busy-days-quick-portable-and-satisfying/","nl","Nutrition education article","200","index","https://calkilo.com/nl/blog/healthy-snacks-for-busy-days-quick-portable-and-satisfying/","en=https://calkilo.com/blog/healthy-snacks-for-busy-days-quick-portable-and-satisfying/ | nl=https://calkilo.com/nl/blog/healthy-snacks-for-busy-days-quick-portable-and-satisfying/ | ru=https://calkilo.com/ru/blog/healthy-snacks-for-busy-days-quick-portable-and-satisfying/ | zh=https://calkilo.com/zh/blog/healthy-snacks-for-busy-days-quick-portable-and-satisfying/ | ar=https://calkilo.com/ar/blog/healthy-snacks-for-busy-days-quick-portable-and-satisfying/ | fa=https://calkilo.com/fa/blog/healthy-snacks-for-busy-days-quick-portable-and-satisfying/ | it=https://calkilo.com/it/blog/healthy-snacks-for-busy-days-quick-portable-and-satisfying/ | x-default=https://calkilo.com/blog/healthy-snacks-for-busy-days-quick-portable-and-satisfying/","Gezonde snacks voor drukke dagen: snel, draagbaar en verzadigend","Een praktische gids voor makkelijke, voedzame snacks die je kunt voorbereiden of onderweg kunt pakken om energie stabiel te houden en honger onder controle te houden tijdens hectische schema's.","Gezonde snacks voor drukke dagen: snel, draagbaar en verzadigend","BlogPosting | BreadcrumbList","21","Next.js static export (SSG/prerendered HTML)","/nl/blog/healthy-snacks-for-busy-days-quick-portable-and-satisfying-3/ | /nl/blog/healthy-snacks-for-busy-days-quick-portable-and-satisfying-2/ | /nl/blog/healthy-snacks-for-busy-days-quick-portable-and-nutrient-packed/ | /nl/blog/smart-healthy-snacks-for-busy-days-easy-portable-and-balanced/ | /nl/blog/healthy-snacks-for-busy-days-quick-portable-and-satisfying-options/","Keep; no consolidation proposed without query-by-page evidence"
"https://calkilo.com/nl/blog/hydration-and-nutrition-basics-how-to-fuel-and-hydrate-everyday/","nl","Nutrition education article","200","index","https://calkilo.com/nl/blog/hydration-and-nutrition-basics-how-to-fuel-and-hydrate-everyday/","en=https://calkilo.com/blog/hydration-and-nutrition-basics-how-to-fuel-and-hydrate-everyday/ | nl=https://calkilo.com/nl/blog/hydration-and-nutrition-basics-how-to-fuel-and-hydrate-everyday/ | ru=https://calkilo.com/ru/blog/hydration-and-nutrition-basics-how-to-fuel-and-hydrate-everyday/ | zh=https://calkilo.com/zh/blog/hydration-and-nutrition-basics-how-to-fuel-and-hydrate-everyday/ | ar=https://calkilo.com/ar/blog/hydration-and-nutrition-basics-how-to-fuel-and-hydrate-everyday/ | fa=https://calkilo.com/fa/blog/hydration-and-nutrition-basics-how-to-fuel-and-hydrate-everyday/ | it=https://calkilo.com/it/blog/hydration-and-nutrition-basics-how-to-fuel-and-hydrate-everyday/ | x-default=https://calkilo.com/blog/hydration-and-nutrition-basics-how-to-fuel-and-hydrate-everyday/","Basis van hydratatie en voeding: hoe je dagelijks brandstof en vocht krijgt","Praktische richtlijnen voor het balanceren van vocht en voedingsstoffen voor dagelijkse energie en welzijn, met eenvoudige tips om gezondere gewoonten op te bouwen zonder strikte regels.","Basis van hydratatie en voeding: hoe je dagelijks brandstof en vocht krijgt","BlogPosting | BreadcrumbList","21","Next.js static export (SSG/prerendered HTML)","/nl/blog/hydration-and-nutrition-basics-simple-habits-for-everyday-energy-2/ | /nl/blog/hydration-and-nutrition-basics-fueling-everyday-energy/ | /nl/blog/hydration-and-nutrition-basics-practical-steps-to-fuel-your-day/ | /nl/blog/hydration-and-nutrition-basics-simple-strategies-for-everyday-health/ | /nl/blog/hydration-and-nutrition-basics-simple-habits-for-everyday-energy/","Keep; no consolidation proposed without query-by-page evidence"
"https://calkilo.com/nl/blog/practical-high-protein-meal-planning-build-balanced-sustainable-meals/","nl","Nutrition education article","200","index","https://calkilo.com/nl/blog/practical-high-protein-meal-planning-build-balanced-sustainable-meals/","en=https://calkilo.com/blog/practical-high-protein-meal-planning-simple-strategies-and-sample-day/ | nl=https://calkilo.com/nl/blog/practical-high-protein-meal-planning-build-balanced-sustainable-meals/ | ru=https://calkilo.com/ru/blog/practical-high-protein-meal-planning-build-balanced-sustainable-meals/ | zh=https://calkilo.com/zh/blog/practical-high-protein-meal-planning-build-balanced-sustainable-meals/ | ar=https://calkilo.com/ar/blog/practical-high-protein-meal-planning-build-balanced-sustainable-meals/ | fa=https://calkilo.com/fa/blog/practical-high-protein-meal-planning-build-balanced-sustainable-meals/ | it=https://calkilo.com/it/blog/practical-high-protein-meal-planning-build-balanced-sustainable-meals/ | x-default=https://calkilo.com/blog/practical-high-protein-meal-planning-simple-strategies-and-sample-day/","Praktische eiwitrijke maaltijdplanning: Bouw gebalanceerde, duurzame maaltijden","Een praktische gids voor het plannen van eiwitrijke maaltijden die in het dagelijks leven passen — met portiedoelen, eiwitbronnen, eenvoudige sjablonen en een voorbeeldweek om maaltijdvoorbereiding makkelijker en bevredigender te maken.","Praktische eiwitrijke maaltijdplanning: Bouw gebalanceerde, duurzame maaltijden","BlogPosting | BreadcrumbList","21","Next.js static export (SSG/prerendered HTML)","/nl/blog/high-protein-meal-planning-practical-strategies-for-busy-lives/ | /nl/blog/simple-high-protein-meal-planning-build-balanced-plates-for-any-goal/ | /nl/blog/practical-high-protein-meal-planning-build-balanced-satisfying-meals-for-any-day/ | /nl/blog/practical-high-protein-meal-planning-simple-strategies-and-sample-day-plans/ | /nl/blog/practical-high-protein-meal-planning-simple-strategies-and-sample-meals/","Keep; no consolidation proposed without query-by-page evidence"
"https://calkilo.com/nl/blog/simple-calorie-tracking-habits-that-stick/","nl","Nutrition education article","200","index","https://calkilo.com/nl/blog/simple-calorie-tracking-habits-that-stick/","en=https://calkilo.com/blog/simple-calorie-tracking-habits-that-stick/ | nl=https://calkilo.com/nl/blog/simple-calorie-tracking-habits-that-stick/ | ru=https://calkilo.com/ru/blog/simple-calorie-tracking-habits-that-stick/ | zh=https://calkilo.com/zh/blog/simple-calorie-tracking-habits-that-stick/ | ar=https://calkilo.com/ar/blog/simple-calorie-tracking-habits-that-stick/ | fa=https://calkilo.com/fa/blog/simple-calorie-tracking-habits-that-stick/ | it=https://calkilo.com/it/blog/simple-calorie-tracking-habits-that-stick/ | x-default=https://calkilo.com/blog/simple-calorie-tracking-habits-that-stick/","Eenvoudige calorie-tracking gewoontes die blijven plakken","Kleine, consistente gewoontes maken calorie-tracking beheersbaar en nuttig. Leer een paar praktische routines om bij te houden zonder overweldigd te raken en krijg duidelijkere gegevens voor dagelijkse keuzes.","Eenvoudige calorie-tracking gewoontes die blijven plakken","BlogPosting | BreadcrumbList","21","Next.js static export (SSG/prerendered HTML)","/nl/blog/simple-daily-habits-to-make-calorie-tracking-stick/ | /nl/blog/simple-daily-habits-for-easy-and-sustainable-calorie-tracking/ | /nl/blog/simple-calorie-tracking-habits-that-stick-3/ | /nl/blog/simple-calorie-tracking-habits-that-stick-2/ | /nl/blog/simple-habits-for-consistent-calorie-tracking/","Keep; no consolidation proposed without query-by-page evidence"
"https://calkilo.com/nl/contact/","nl","Product, billing, and privacy support","200","index","https://calkilo.com/nl/contact/","en=https://calkilo.com/contact/ | nl=https://calkilo.com/nl/contact/ | ru=https://calkilo.com/ru/contact/ | zh=https://calkilo.com/zh/contact/ | ar=https://calkilo.com/ar/contact/ | fa=https://calkilo.com/fa/contact/ | it=https://calkilo.com/it/contact/ | x-default=https://calkilo.com/contact/","Neem contact op met Calkilo","Neem contact op met Calkilo-support voor product-, facturerings- en privacyverzoeken.","Neem contact op","ContactPage | Organization | BreadcrumbList","20","Next.js static export (SSG/prerendered HTML)","","Keep; no consolidation proposed without query-by-page evidence"
"https://calkilo.com/nl/privacy-policy/","nl","Policy and account support","200","index","https://calkilo.com/nl/privacy-policy/","en=https://calkilo.com/privacy-policy/ | nl=https://calkilo.com/nl/privacy-policy/ | ru=https://calkilo.com/ru/privacy-policy/ | zh=https://calkilo.com/zh/privacy-policy/ | ar=https://calkilo.com/ar/privacy-policy/ | fa=https://calkilo.com/fa/privacy-policy/ | it=https://calkilo.com/it/privacy-policy/ | x-default=https://calkilo.com/privacy-policy/","Calkilo Privacybeleid","Lees het privacybeleid van Calkilo en ontdek hoe we jouw gegevens verzamelen, gebruiken en beschermen.","Privacybeleid","PrivacyPolicy | BreadcrumbList","20","Next.js static export (SSG/prerendered HTML)","","Keep; no consolidation proposed without query-by-page evidence"
"https://calkilo.com/nl/terms-and-conditions/","nl","Policy and account support","200","index","https://calkilo.com/nl/terms-and-conditions/","en=https://calkilo.com/terms-and-conditions/ | nl=https://calkilo.com/nl/terms-and-conditions/ | ru=https://calkilo.com/ru/terms-and-conditions/ | zh=https://calkilo.com/zh/terms-and-conditions/ | ar=https://calkilo.com/ar/terms-and-conditions/ | fa=https://calkilo.com/fa/terms-and-conditions/ | it=https://calkilo.com/it/terms-and-conditions/ | x-default=https://calkilo.com/terms-and-conditions/","Calkilo Algemene voorwaarden","Lees de algemene voorwaarden van Calkilo voor accountgebruik, abonnementen en juridische voorwaarden.","Algemene voorwaarden","WebPage | BreadcrumbList","20","Next.js static export (SSG/prerendered HTML)","","Keep; no consolidation proposed without query-by-page evidence"
"https://calkilo.com/nl/terms-of-service/","nl","Policy and account support","200","index","https://calkilo.com/nl/terms-of-service/","en=https://calkilo.com/terms-of-service/ | nl=https://calkilo.com/nl/terms-of-service/ | ru=https://calkilo.com/ru/terms-of-service/ | zh=https://calkilo.com/zh/terms-of-service/ | ar=https://calkilo.com/ar/terms-of-service/ | fa=https://calkilo.com/fa/terms-of-service/ | it=https://calkilo.com/it/terms-of-service/ | x-default=https://calkilo.com/terms-of-service/","Calkilo Servicevoorwaarden","Lees de servicevoorwaarden van Calkilo voor accountgebruik, abonnementen en juridische voorwaarden.","Servicevoorwaarden","WebPage | BreadcrumbList","20","Next.js static export (SSG/prerendered HTML)","","Keep; no consolidation proposed without query-by-page evidence"
"https://calkilo.com/photo-calorie-calculator/","en","Photo calorie estimation workflow","200","index","https://calkilo.com/photo-calorie-calculator/","en=https://calkilo.com/photo-calorie-calculator/ | fa=https://calkilo.com/fa/photo-calorie-calculator/ | it=https://calkilo.com/it/photo-calorie-calculator/ | x-default=https://calkilo.com/photo-calorie-calculator/","Photo Calorie Calculator – Estimate Food Calories with AI | Calkilo","Take a clear food photo, estimate meal calories, protein, carbs and fat with AI, review the result, and save it to your daily nutrition log.","Photo Calorie Calculator for Food and Meals","Organization | WebPage | SoftwareApplication | BreadcrumbList","24","Next.js static export (SSG/prerendered HTML)","","Keep; no consolidation proposed without query-by-page evidence"
"https://calkilo.com/pricing/","en","Premium pricing and billing periods","200","index","https://calkilo.com/pricing/","x-default=https://calkilo.com/pricing/","Calkilo Pricing | Monthly and Yearly Plans","See Calkilo pricing for monthly and yearly premium access, including meal planning, AI support, and deeper nutrition insights.","Calkilo pricing for monthly and yearly premium plans","WebPage | SoftwareApplication | BreadcrumbList","22","Next.js static export (SSG/prerendered HTML)","","Keep; no consolidation proposed without query-by-page evidence"
"https://calkilo.com/privacy-policy/","en","Policy and account support","200","index","https://calkilo.com/privacy-policy/","en=https://calkilo.com/privacy-policy/ | nl=https://calkilo.com/nl/privacy-policy/ | ru=https://calkilo.com/ru/privacy-policy/ | zh=https://calkilo.com/zh/privacy-policy/ | ar=https://calkilo.com/ar/privacy-policy/ | fa=https://calkilo.com/fa/privacy-policy/ | it=https://calkilo.com/it/privacy-policy/ | x-default=https://calkilo.com/privacy-policy/","Calkilo Privacy Policy","Read Calkilo's privacy policy and learn how we collect, use, and protect your data.","Privacy Policy","PrivacyPolicy | BreadcrumbList","22","Next.js static export (SSG/prerendered HTML)","","Keep; no consolidation proposed without query-by-page evidence"
"https://calkilo.com/ru/","ru","Product overview and app download","200","index","https://calkilo.com/ru/","en=https://calkilo.com/ | nl=https://calkilo.com/nl/ | ru=https://calkilo.com/ru/ | zh=https://calkilo.com/zh/ | ar=https://calkilo.com/ar/ | fa=https://calkilo.com/fa/ | it=https://calkilo.com/it/ | x-default=https://calkilo.com/","Calkilo | AI-трекер калорий и питания","Оценивайте калории с помощью AI, получайте персональные планы питания и отслеживайте рацион на всех устройствах.","Оценивайте калории с помощью AI","Organization | WebSite | WebPage | SoftwareApplication","23","Next.js static export (SSG/prerendered HTML)","","Keep; no consolidation proposed without query-by-page evidence"
"https://calkilo.com/ru/account-deletion/","ru","Policy and account support","200","index","https://calkilo.com/ru/account-deletion/","en=https://calkilo.com/account-deletion/ | nl=https://calkilo.com/nl/account-deletion/ | ru=https://calkilo.com/ru/account-deletion/ | zh=https://calkilo.com/zh/account-deletion/ | ar=https://calkilo.com/ar/account-deletion/ | fa=https://calkilo.com/fa/account-deletion/ | it=https://calkilo.com/it/account-deletion/ | x-default=https://calkilo.com/account-deletion/","Запрос на удаление аккаунта и данных | Calkilo","Используйте эту страницу, чтобы запросить удаление вашего аккаунта Calkilo и связанных персональных данных.","Запросить удаление аккаунта и данных","WebPage | BreadcrumbList","20","Next.js static export (SSG/prerendered HTML)","","Keep; no consolidation proposed without query-by-page evidence"
"https://calkilo.com/ru/blog/","ru","Nutrition article discovery","200","index","https://calkilo.com/ru/blog/","en=https://calkilo.com/blog/ | nl=https://calkilo.com/nl/blog/ | ru=https://calkilo.com/ru/blog/ | zh=https://calkilo.com/zh/blog/ | ar=https://calkilo.com/ar/blog/ | fa=https://calkilo.com/fa/blog/ | it=https://calkilo.com/it/blog/ | x-default=https://calkilo.com/blog/","Блог Calkilo | Гиды по питанию и AI трекингу калорий","Читайте статьи Calkilo о планировании питания, отслеживании макросов, фото еды и полезных привычках.","Блог Calkilo","Blog | BreadcrumbList","25","Next.js static export (SSG/prerendered HTML)","","Keep; no consolidation proposed without query-by-page evidence"
"https://calkilo.com/ru/blog/building-balanced-meals-for-sustainable-weight-management/","ru","Nutrition education article","200","index","https://calkilo.com/ru/blog/building-balanced-meals-for-sustainable-weight-management/","en=https://calkilo.com/blog/building-balanced-meals-for-sustainable-weight-management/ | nl=https://calkilo.com/nl/blog/building-balanced-meals-for-sustainable-weight-management/ | ru=https://calkilo.com/ru/blog/building-balanced-meals-for-sustainable-weight-management/ | zh=https://calkilo.com/zh/blog/building-balanced-meals-for-sustainable-weight-management/ | ar=https://calkilo.com/ar/blog/building-balanced-meals-for-sustainable-weight-management/ | fa=https://calkilo.com/fa/blog/building-balanced-meals-for-sustainable-weight-management/ | it=https://calkilo.com/it/blog/building-balanced-meals-for-sustainable-weight-management/ | x-default=https://calkilo.com/blog/building-balanced-meals-for-sustainable-weight-management/","Создание сбалансированных блюд для устойчивого контроля веса","Практические, основанные на доказательствах рекомендации по составлению сбалансированных блюд, которые помогают контролировать вес через управление порциями, баланс питательных веществ и внимательные привычки — без жестких диет.","Создание сбалансированных блюд для устойчивого контроля веса","BlogPosting | BreadcrumbList","21","Next.js static export (SSG/prerendered HTML)","/ru/blog/building-balanced-meals-for-sustainable-weight-management-5/ | /ru/blog/building-balanced-meals-for-sustainable-weight-management-4/ | /ru/blog/building-balanced-meals-for-sustainable-weight-management-3/ | /ru/blog/balanced-meals-for-sustainable-weight-management/ | /ru/blog/building-balanced-meals-for-sustainable-weight-management-2/","Keep; no consolidation proposed without query-by-page evidence"
"https://calkilo.com/ru/blog/healthy-snacks-for-busy-days-quick-portable-and-satisfying/","ru","Nutrition education article","200","index","https://calkilo.com/ru/blog/healthy-snacks-for-busy-days-quick-portable-and-satisfying/","en=https://calkilo.com/blog/healthy-snacks-for-busy-days-quick-portable-and-satisfying/ | nl=https://calkilo.com/nl/blog/healthy-snacks-for-busy-days-quick-portable-and-satisfying/ | ru=https://calkilo.com/ru/blog/healthy-snacks-for-busy-days-quick-portable-and-satisfying/ | zh=https://calkilo.com/zh/blog/healthy-snacks-for-busy-days-quick-portable-and-satisfying/ | ar=https://calkilo.com/ar/blog/healthy-snacks-for-busy-days-quick-portable-and-satisfying/ | fa=https://calkilo.com/fa/blog/healthy-snacks-for-busy-days-quick-portable-and-satisfying/ | it=https://calkilo.com/it/blog/healthy-snacks-for-busy-days-quick-portable-and-satisfying/ | x-default=https://calkilo.com/blog/healthy-snacks-for-busy-days-quick-portable-and-satisfying/","Здоровые перекусы для занятых дней: быстро, удобно и сытно","Практическое руководство по простым, питательным перекусам, которые можно подготовить заранее или взять с собой, чтобы поддерживать уровень энергии и контролировать голод в напряжённом графике.","Здоровые перекусы для занятых дней: быстро, удобно и сытно","BlogPosting | BreadcrumbList","21","Next.js static export (SSG/prerendered HTML)","/ru/blog/healthy-snacks-for-busy-days-quick-portable-and-satisfying-3/ | /ru/blog/healthy-snacks-for-busy-days-quick-portable-and-satisfying-2/ | /ru/blog/healthy-snacks-for-busy-days-quick-portable-and-nutrient-packed/ | /ru/blog/smart-healthy-snacks-for-busy-days-easy-portable-and-balanced/ | /ru/blog/healthy-snacks-for-busy-days-quick-portable-and-satisfying-options/","Keep; no consolidation proposed without query-by-page evidence"
"https://calkilo.com/ru/blog/hydration-and-nutrition-basics-how-to-fuel-and-hydrate-everyday/","ru","Nutrition education article","200","index","https://calkilo.com/ru/blog/hydration-and-nutrition-basics-how-to-fuel-and-hydrate-everyday/","en=https://calkilo.com/blog/hydration-and-nutrition-basics-how-to-fuel-and-hydrate-everyday/ | nl=https://calkilo.com/nl/blog/hydration-and-nutrition-basics-how-to-fuel-and-hydrate-everyday/ | ru=https://calkilo.com/ru/blog/hydration-and-nutrition-basics-how-to-fuel-and-hydrate-everyday/ | zh=https://calkilo.com/zh/blog/hydration-and-nutrition-basics-how-to-fuel-and-hydrate-everyday/ | ar=https://calkilo.com/ar/blog/hydration-and-nutrition-basics-how-to-fuel-and-hydrate-everyday/ | fa=https://calkilo.com/fa/blog/hydration-and-nutrition-basics-how-to-fuel-and-hydrate-everyday/ | it=https://calkilo.com/it/blog/hydration-and-nutrition-basics-how-to-fuel-and-hydrate-everyday/ | x-default=https://calkilo.com/blog/hydration-and-nutrition-basics-how-to-fuel-and-hydrate-everyday/","Основы гидратации и питания: как обеспечивать организм энергией и влагой каждый день","Практичные рекомендации по балансированию жидкости и питательных веществ для ежедневной энергии и благополучия, с простыми советами по формированию более здоровых привычек без жестких правил.","Основы гидратации и питания: как обеспечивать организм энергией и влагой каждый день","BlogPosting | BreadcrumbList","21","Next.js static export (SSG/prerendered HTML)","/ru/blog/hydration-and-nutrition-basics-simple-habits-for-everyday-energy-2/ | /ru/blog/hydration-and-nutrition-basics-fueling-everyday-energy/ | /ru/blog/hydration-and-nutrition-basics-practical-steps-to-fuel-your-day/ | /ru/blog/hydration-and-nutrition-basics-simple-strategies-for-everyday-health/ | /ru/blog/hydration-and-nutrition-basics-simple-habits-for-everyday-energy/","Keep; no consolidation proposed without query-by-page evidence"
"https://calkilo.com/ru/blog/practical-high-protein-meal-planning-build-balanced-sustainable-meals/","ru","Nutrition education article","200","index","https://calkilo.com/ru/blog/practical-high-protein-meal-planning-build-balanced-sustainable-meals/","en=https://calkilo.com/blog/practical-high-protein-meal-planning-simple-strategies-and-sample-day/ | nl=https://calkilo.com/nl/blog/practical-high-protein-meal-planning-build-balanced-sustainable-meals/ | ru=https://calkilo.com/ru/blog/practical-high-protein-meal-planning-build-balanced-sustainable-meals/ | zh=https://calkilo.com/zh/blog/practical-high-protein-meal-planning-build-balanced-sustainable-meals/ | ar=https://calkilo.com/ar/blog/practical-high-protein-meal-planning-build-balanced-sustainable-meals/ | fa=https://calkilo.com/fa/blog/practical-high-protein-meal-planning-build-balanced-sustainable-meals/ | it=https://calkilo.com/it/blog/practical-high-protein-meal-planning-build-balanced-sustainable-meals/ | x-default=https://calkilo.com/blog/practical-high-protein-meal-planning-simple-strategies-and-sample-day/","Практическое планирование белковых блюд: составляйте сбалансированные, устойчивые приёмы пищи","Практическое руководство по планированию белковых блюд, которые вписываются в повседневную жизнь — охватывает целевые порции, источники белка, простые шаблоны и недельный примерный план, чтобы упростить приготовление пищи и сделать её более удовлетворяющей.","Практическое планирование белковых блюд: составляйте сбалансированные, устойчивые приёмы пищи","BlogPosting | BreadcrumbList","21","Next.js static export (SSG/prerendered HTML)","/ru/blog/high-protein-meal-planning-practical-strategies-for-busy-lives/ | /ru/blog/simple-high-protein-meal-planning-build-balanced-plates-for-any-goal/ | /ru/blog/practical-high-protein-meal-planning-build-balanced-satisfying-meals-for-any-day/ | /ru/blog/practical-high-protein-meal-planning-simple-strategies-and-sample-day-plans/ | /ru/blog/practical-high-protein-meal-planning-simple-strategies-and-sample-meals/","Keep; no consolidation proposed without query-by-page evidence"
"https://calkilo.com/ru/blog/simple-calorie-tracking-habits-that-stick/","ru","Nutrition education article","200","index","https://calkilo.com/ru/blog/simple-calorie-tracking-habits-that-stick/","en=https://calkilo.com/blog/simple-calorie-tracking-habits-that-stick/ | nl=https://calkilo.com/nl/blog/simple-calorie-tracking-habits-that-stick/ | ru=https://calkilo.com/ru/blog/simple-calorie-tracking-habits-that-stick/ | zh=https://calkilo.com/zh/blog/simple-calorie-tracking-habits-that-stick/ | ar=https://calkilo.com/ar/blog/simple-calorie-tracking-habits-that-stick/ | fa=https://calkilo.com/fa/blog/simple-calorie-tracking-habits-that-stick/ | it=https://calkilo.com/it/blog/simple-calorie-tracking-habits-that-stick/ | x-default=https://calkilo.com/blog/simple-calorie-tracking-habits-that-stick/","Простые привычки отслеживания калорий, которые приживаются","Маленькие, последовательные привычки делают отслеживание калорий управляемым и полезным. Узнайте несколько практичных рутин, чтобы вести учёт без перегрузки и получать более точные данные для повседневных решений.","Простые привычки отслеживания калорий, которые приживаются","BlogPosting | BreadcrumbList","21","Next.js static export (SSG/prerendered HTML)","/ru/blog/simple-daily-habits-to-make-calorie-tracking-stick/ | /ru/blog/simple-daily-habits-for-easy-and-sustainable-calorie-tracking/ | /ru/blog/simple-calorie-tracking-habits-that-stick-3/ | /ru/blog/simple-calorie-tracking-habits-that-stick-2/ | /ru/blog/simple-habits-for-consistent-calorie-tracking/","Keep; no consolidation proposed without query-by-page evidence"
"https://calkilo.com/ru/contact/","ru","Product, billing, and privacy support","200","index","https://calkilo.com/ru/contact/","en=https://calkilo.com/contact/ | nl=https://calkilo.com/nl/contact/ | ru=https://calkilo.com/ru/contact/ | zh=https://calkilo.com/zh/contact/ | ar=https://calkilo.com/ar/contact/ | fa=https://calkilo.com/fa/contact/ | it=https://calkilo.com/it/contact/ | x-default=https://calkilo.com/contact/","Связаться с Calkilo","Свяжитесь с поддержкой Calkilo по вопросам продукта, оплаты и конфиденциальности.","Связаться с нами","ContactPage | Organization | BreadcrumbList","20","Next.js static export (SSG/prerendered HTML)","","Keep; no consolidation proposed without query-by-page evidence"
"https://calkilo.com/ru/privacy-policy/","ru","Policy and account support","200","index","https://calkilo.com/ru/privacy-policy/","en=https://calkilo.com/privacy-policy/ | nl=https://calkilo.com/nl/privacy-policy/ | ru=https://calkilo.com/ru/privacy-policy/ | zh=https://calkilo.com/zh/privacy-policy/ | ar=https://calkilo.com/ar/privacy-policy/ | fa=https://calkilo.com/fa/privacy-policy/ | it=https://calkilo.com/it/privacy-policy/ | x-default=https://calkilo.com/privacy-policy/","Политика конфиденциальности Calkilo","Прочитайте политику конфиденциальности Calkilo и узнайте, как мы собираем, используем и защищаем ваши данные.","Политика конфиденциальности","PrivacyPolicy | BreadcrumbList","20","Next.js static export (SSG/prerendered HTML)","","Keep; no consolidation proposed without query-by-page evidence"
"https://calkilo.com/ru/terms-and-conditions/","ru","Policy and account support","200","index","https://calkilo.com/ru/terms-and-conditions/","en=https://calkilo.com/terms-and-conditions/ | nl=https://calkilo.com/nl/terms-and-conditions/ | ru=https://calkilo.com/ru/terms-and-conditions/ | zh=https://calkilo.com/zh/terms-and-conditions/ | ar=https://calkilo.com/ar/terms-and-conditions/ | fa=https://calkilo.com/fa/terms-and-conditions/ | it=https://calkilo.com/it/terms-and-conditions/ | x-default=https://calkilo.com/terms-and-conditions/","Положения и условия Calkilo","Прочитайте положения и условия Calkilo для правил аккаунта, подписок и юридических условий.","Положения и условия","WebPage | BreadcrumbList","20","Next.js static export (SSG/prerendered HTML)","","Keep; no consolidation proposed without query-by-page evidence"
"https://calkilo.com/ru/terms-of-service/","ru","Policy and account support","200","index","https://calkilo.com/ru/terms-of-service/","en=https://calkilo.com/terms-of-service/ | nl=https://calkilo.com/nl/terms-of-service/ | ru=https://calkilo.com/ru/terms-of-service/ | zh=https://calkilo.com/zh/terms-of-service/ | ar=https://calkilo.com/ar/terms-of-service/ | fa=https://calkilo.com/fa/terms-of-service/ | it=https://calkilo.com/it/terms-of-service/ | x-default=https://calkilo.com/terms-of-service/","Условия использования Calkilo","Прочитайте условия использования Calkilo для правил аккаунта, подписок и юридических условий.","Условия использования","WebPage | BreadcrumbList","20","Next.js static export (SSG/prerendered HTML)","","Keep; no consolidation proposed without query-by-page evidence"
"https://calkilo.com/terms-and-conditions/","en","Policy and account support","200","index","https://calkilo.com/terms-and-conditions/","en=https://calkilo.com/terms-and-conditions/ | nl=https://calkilo.com/nl/terms-and-conditions/ | ru=https://calkilo.com/ru/terms-and-conditions/ | zh=https://calkilo.com/zh/terms-and-conditions/ | ar=https://calkilo.com/ar/terms-and-conditions/ | fa=https://calkilo.com/fa/terms-and-conditions/ | it=https://calkilo.com/it/terms-and-conditions/ | x-default=https://calkilo.com/terms-and-conditions/","Calkilo Terms and Conditions","Read Calkilo terms and conditions for account usage, subscriptions, and legal conditions.","Terms and Conditions","WebPage | BreadcrumbList","22","Next.js static export (SSG/prerendered HTML)","","Keep; no consolidation proposed without query-by-page evidence"
"https://calkilo.com/terms-of-service/","en","Policy and account support","200","index","https://calkilo.com/terms-of-service/","en=https://calkilo.com/terms-of-service/ | nl=https://calkilo.com/nl/terms-of-service/ | ru=https://calkilo.com/ru/terms-of-service/ | zh=https://calkilo.com/zh/terms-of-service/ | ar=https://calkilo.com/ar/terms-of-service/ | fa=https://calkilo.com/fa/terms-of-service/ | it=https://calkilo.com/it/terms-of-service/ | x-default=https://calkilo.com/terms-of-service/","Calkilo Terms of Service","Read Calkilo terms of service for account usage, subscriptions, and legal conditions.","Terms of Service","WebPage | BreadcrumbList","22","Next.js static export (SSG/prerendered HTML)","","Keep; no consolidation proposed without query-by-page evidence"
"https://calkilo.com/uber-eats-nutrition-calculator/","en","Product guide","200","index","https://calkilo.com/uber-eats-nutrition-calculator/","x-default=https://calkilo.com/uber-eats-nutrition-calculator/","Uber Eats Nutrition Facts Calculator | Calkilo","Paste an Uber Eats share link or menu item URL to estimate calories, macros, nutrition facts, restaurant details, price, and item options.","Uber Eats nutrition facts from a share link","WebApplication | BreadcrumbList","20","Next.js static export (SSG/prerendered HTML)","","Keep; no consolidation proposed without query-by-page evidence"
"https://calkilo.com/zh/","zh","Product overview and app download","200","index","https://calkilo.com/zh/","en=https://calkilo.com/ | nl=https://calkilo.com/nl/ | ru=https://calkilo.com/ru/ | zh=https://calkilo.com/zh/ | ar=https://calkilo.com/ar/ | fa=https://calkilo.com/fa/ | it=https://calkilo.com/it/ | x-default=https://calkilo.com/","Calkilo | AI 卡路里追踪与营养应用","用 AI 估算卡路里，获取个性化餐食计划，并在所有设备上追踪营养。","使用 AI 估算卡路里","Organization | WebSite | WebPage | SoftwareApplication","23","Next.js static export (SSG/prerendered HTML)","","Keep; no consolidation proposed without query-by-page evidence"
"https://calkilo.com/zh/account-deletion/","zh","Policy and account support","200","index","https://calkilo.com/zh/account-deletion/","en=https://calkilo.com/account-deletion/ | nl=https://calkilo.com/nl/account-deletion/ | ru=https://calkilo.com/ru/account-deletion/ | zh=https://calkilo.com/zh/account-deletion/ | ar=https://calkilo.com/ar/account-deletion/ | fa=https://calkilo.com/fa/account-deletion/ | it=https://calkilo.com/it/account-deletion/ | x-default=https://calkilo.com/account-deletion/","请求删除账户和数据 | Calkilo","使用此页面请求删除你的 Calkilo 账户及相关个人数据。","请求删除账户和数据","WebPage | BreadcrumbList","20","Next.js static export (SSG/prerendered HTML)","","Keep; no consolidation proposed without query-by-page evidence"
"https://calkilo.com/zh/blog/","zh","Nutrition article discovery","200","index","https://calkilo.com/zh/blog/","en=https://calkilo.com/blog/ | nl=https://calkilo.com/nl/blog/ | ru=https://calkilo.com/ru/blog/ | zh=https://calkilo.com/zh/blog/ | ar=https://calkilo.com/ar/blog/ | fa=https://calkilo.com/fa/blog/ | it=https://calkilo.com/it/blog/ | x-default=https://calkilo.com/blog/","Calkilo 博客 | 营养和 AI 热量追踪指南","阅读 Calkilo 关于膳食计划、宏量营养追踪、食物照片和实用营养习惯的文章。","Calkilo 博客","Blog | BreadcrumbList","25","Next.js static export (SSG/prerendered HTML)","","Keep; no consolidation proposed without query-by-page evidence"
"https://calkilo.com/zh/blog/building-balanced-meals-for-sustainable-weight-management/","zh","Nutrition education article","200","index","https://calkilo.com/zh/blog/building-balanced-meals-for-sustainable-weight-management/","en=https://calkilo.com/blog/building-balanced-meals-for-sustainable-weight-management/ | nl=https://calkilo.com/nl/blog/building-balanced-meals-for-sustainable-weight-management/ | ru=https://calkilo.com/ru/blog/building-balanced-meals-for-sustainable-weight-management/ | zh=https://calkilo.com/zh/blog/building-balanced-meals-for-sustainable-weight-management/ | ar=https://calkilo.com/ar/blog/building-balanced-meals-for-sustainable-weight-management/ | fa=https://calkilo.com/fa/blog/building-balanced-meals-for-sustainable-weight-management/ | it=https://calkilo.com/it/blog/building-balanced-meals-for-sustainable-weight-management/ | x-default=https://calkilo.com/blog/building-balanced-meals-for-sustainable-weight-management/","构建有助于可持续体重管理的均衡餐","实用且基于证据的建议，指导如何通过控制分量、营养平衡和正念习惯来构建支持体重管理的均衡餐——无需僵化节食。","构建有助于可持续体重管理的均衡餐","BlogPosting | BreadcrumbList","21","Next.js static export (SSG/prerendered HTML)","/zh/blog/building-balanced-meals-for-sustainable-weight-management-5/ | /zh/blog/building-balanced-meals-for-sustainable-weight-management-4/ | /zh/blog/building-balanced-meals-for-sustainable-weight-management-3/ | /zh/blog/balanced-meals-for-sustainable-weight-management/ | /zh/blog/building-balanced-meals-for-sustainable-weight-management-2/","Keep; no consolidation proposed without query-by-page evidence"
"https://calkilo.com/zh/blog/healthy-snacks-for-busy-days-quick-portable-and-satisfying/","zh","Nutrition education article","200","index","https://calkilo.com/zh/blog/healthy-snacks-for-busy-days-quick-portable-and-satisfying/","en=https://calkilo.com/blog/healthy-snacks-for-busy-days-quick-portable-and-satisfying/ | nl=https://calkilo.com/nl/blog/healthy-snacks-for-busy-days-quick-portable-and-satisfying/ | ru=https://calkilo.com/ru/blog/healthy-snacks-for-busy-days-quick-portable-and-satisfying/ | zh=https://calkilo.com/zh/blog/healthy-snacks-for-busy-days-quick-portable-and-satisfying/ | ar=https://calkilo.com/ar/blog/healthy-snacks-for-busy-days-quick-portable-and-satisfying/ | fa=https://calkilo.com/fa/blog/healthy-snacks-for-busy-days-quick-portable-and-satisfying/ | it=https://calkilo.com/it/blog/healthy-snacks-for-busy-days-quick-portable-and-satisfying/ | x-default=https://calkilo.com/blog/healthy-snacks-for-busy-days-quick-portable-and-satisfying/","繁忙日子的健康小吃：快速、便携且令人满足","一本实用指南，介绍易于准备或随手可得的营养密集小吃，帮助你在繁忙日程中维持能量并控制饥饿感。","繁忙日子的健康小吃：快速、便携且令人满足","BlogPosting | BreadcrumbList","21","Next.js static export (SSG/prerendered HTML)","/zh/blog/healthy-snacks-for-busy-days-quick-portable-and-satisfying-3/ | /zh/blog/healthy-snacks-for-busy-days-quick-portable-and-satisfying-2/ | /zh/blog/healthy-snacks-for-busy-days-quick-portable-and-nutrient-packed/ | /zh/blog/smart-healthy-snacks-for-busy-days-easy-portable-and-balanced/ | /zh/blog/healthy-snacks-for-busy-days-quick-portable-and-satisfying-options/","Keep; no consolidation proposed without query-by-page evidence"
"https://calkilo.com/zh/blog/hydration-and-nutrition-basics-how-to-fuel-and-hydrate-everyday/","zh","Nutrition education article","200","index","https://calkilo.com/zh/blog/hydration-and-nutrition-basics-how-to-fuel-and-hydrate-everyday/","en=https://calkilo.com/blog/hydration-and-nutrition-basics-how-to-fuel-and-hydrate-everyday/ | nl=https://calkilo.com/nl/blog/hydration-and-nutrition-basics-how-to-fuel-and-hydrate-everyday/ | ru=https://calkilo.com/ru/blog/hydration-and-nutrition-basics-how-to-fuel-and-hydrate-everyday/ | zh=https://calkilo.com/zh/blog/hydration-and-nutrition-basics-how-to-fuel-and-hydrate-everyday/ | ar=https://calkilo.com/ar/blog/hydration-and-nutrition-basics-how-to-fuel-and-hydrate-everyday/ | fa=https://calkilo.com/fa/blog/hydration-and-nutrition-basics-how-to-fuel-and-hydrate-everyday/ | it=https://calkilo.com/it/blog/hydration-and-nutrition-basics-how-to-fuel-and-hydrate-everyday/ | x-default=https://calkilo.com/blog/hydration-and-nutrition-basics-how-to-fuel-and-hydrate-everyday/","补水与营养基础：如何在日常生活中补充能量和水分","关于平衡液体与营养以维持日常能量和健康的实用指南，包含无需僵化规则即可建立更健康习惯的简单建议。","补水与营养基础：如何在日常生活中补充能量和水分","BlogPosting | BreadcrumbList","21","Next.js static export (SSG/prerendered HTML)","/zh/blog/hydration-and-nutrition-basics-simple-habits-for-everyday-energy-2/ | /zh/blog/hydration-and-nutrition-basics-fueling-everyday-energy/ | /zh/blog/hydration-and-nutrition-basics-practical-steps-to-fuel-your-day/ | /zh/blog/hydration-and-nutrition-basics-simple-strategies-for-everyday-health/ | /zh/blog/hydration-and-nutrition-basics-simple-habits-for-everyday-energy/","Keep; no consolidation proposed without query-by-page evidence"
"https://calkilo.com/zh/blog/practical-high-protein-meal-planning-build-balanced-sustainable-meals/","zh","Nutrition education article","200","index","https://calkilo.com/zh/blog/practical-high-protein-meal-planning-build-balanced-sustainable-meals/","en=https://calkilo.com/blog/practical-high-protein-meal-planning-simple-strategies-and-sample-day/ | nl=https://calkilo.com/nl/blog/practical-high-protein-meal-planning-build-balanced-sustainable-meals/ | ru=https://calkilo.com/ru/blog/practical-high-protein-meal-planning-build-balanced-sustainable-meals/ | zh=https://calkilo.com/zh/blog/practical-high-protein-meal-planning-build-balanced-sustainable-meals/ | ar=https://calkilo.com/ar/blog/practical-high-protein-meal-planning-build-balanced-sustainable-meals/ | fa=https://calkilo.com/fa/blog/practical-high-protein-meal-planning-build-balanced-sustainable-meals/ | it=https://calkilo.com/it/blog/practical-high-protein-meal-planning-build-balanced-sustainable-meals/ | x-default=https://calkilo.com/blog/practical-high-protein-meal-planning-simple-strategies-and-sample-day/","实用高蛋白餐食计划：构建均衡且可持续的餐点","一本实用指南，帮助你规划适合日常生活的高蛋白餐点——涵盖摄入目标、蛋白质来源、简单模板，以及一个便于操作的一周样本计划，让备餐更轻松、更满足。","实用高蛋白餐食计划：构建均衡且可持续的餐点","BlogPosting | BreadcrumbList","21","Next.js static export (SSG/prerendered HTML)","/zh/blog/high-protein-meal-planning-practical-strategies-for-busy-lives/ | /zh/blog/simple-high-protein-meal-planning-build-balanced-plates-for-any-goal/ | /zh/blog/practical-high-protein-meal-planning-build-balanced-satisfying-meals-for-any-day/ | /zh/blog/practical-high-protein-meal-planning-simple-strategies-and-sample-day-plans/ | /zh/blog/practical-high-protein-meal-planning-simple-strategies-and-sample-meals/","Keep; no consolidation proposed without query-by-page evidence"
"https://calkilo.com/zh/blog/simple-calorie-tracking-habits-that-stick/","zh","Nutrition education article","200","index","https://calkilo.com/zh/blog/simple-calorie-tracking-habits-that-stick/","en=https://calkilo.com/blog/simple-calorie-tracking-habits-that-stick/ | nl=https://calkilo.com/nl/blog/simple-calorie-tracking-habits-that-stick/ | ru=https://calkilo.com/ru/blog/simple-calorie-tracking-habits-that-stick/ | zh=https://calkilo.com/zh/blog/simple-calorie-tracking-habits-that-stick/ | ar=https://calkilo.com/ar/blog/simple-calorie-tracking-habits-that-stick/ | fa=https://calkilo.com/fa/blog/simple-calorie-tracking-habits-that-stick/ | it=https://calkilo.com/it/blog/simple-calorie-tracking-habits-that-stick/ | x-default=https://calkilo.com/blog/simple-calorie-tracking-habits-that-stick/","让人坚持的简单热量记录习惯","小而持续的习惯让热量记录变得可行且有用。学习一些实用的例程，在不过度焦虑的情况下记录热量，并为日常选择获得更清晰的数据。","让人坚持的简单热量记录习惯","BlogPosting | BreadcrumbList","21","Next.js static export (SSG/prerendered HTML)","/zh/blog/simple-daily-habits-to-make-calorie-tracking-stick/ | /zh/blog/simple-daily-habits-for-easy-and-sustainable-calorie-tracking/ | /zh/blog/simple-calorie-tracking-habits-that-stick-3/ | /zh/blog/simple-calorie-tracking-habits-that-stick-2/ | /zh/blog/simple-habits-for-consistent-calorie-tracking/","Keep; no consolidation proposed without query-by-page evidence"
"https://calkilo.com/zh/contact/","zh","Product, billing, and privacy support","200","index","https://calkilo.com/zh/contact/","en=https://calkilo.com/contact/ | nl=https://calkilo.com/nl/contact/ | ru=https://calkilo.com/ru/contact/ | zh=https://calkilo.com/zh/contact/ | ar=https://calkilo.com/ar/contact/ | fa=https://calkilo.com/fa/contact/ | it=https://calkilo.com/it/contact/ | x-default=https://calkilo.com/contact/","联系 Calkilo","联系 Calkilo 支持团队，处理产品、计费和隐私请求。","联系我们","ContactPage | Organization | BreadcrumbList","20","Next.js static export (SSG/prerendered HTML)","","Keep; no consolidation proposed without query-by-page evidence"
"https://calkilo.com/zh/privacy-policy/","zh","Policy and account support","200","index","https://calkilo.com/zh/privacy-policy/","en=https://calkilo.com/privacy-policy/ | nl=https://calkilo.com/nl/privacy-policy/ | ru=https://calkilo.com/ru/privacy-policy/ | zh=https://calkilo.com/zh/privacy-policy/ | ar=https://calkilo.com/ar/privacy-policy/ | fa=https://calkilo.com/fa/privacy-policy/ | it=https://calkilo.com/it/privacy-policy/ | x-default=https://calkilo.com/privacy-policy/","Calkilo 隐私政策","阅读 Calkilo 的隐私政策，了解我们如何收集、使用和保护你的数据。","隐私政策","PrivacyPolicy | BreadcrumbList","20","Next.js static export (SSG/prerendered HTML)","","Keep; no consolidation proposed without query-by-page evidence"
"https://calkilo.com/zh/terms-and-conditions/","zh","Policy and account support","200","index","https://calkilo.com/zh/terms-and-conditions/","en=https://calkilo.com/terms-and-conditions/ | nl=https://calkilo.com/nl/terms-and-conditions/ | ru=https://calkilo.com/ru/terms-and-conditions/ | zh=https://calkilo.com/zh/terms-and-conditions/ | ar=https://calkilo.com/ar/terms-and-conditions/ | fa=https://calkilo.com/fa/terms-and-conditions/ | it=https://calkilo.com/it/terms-and-conditions/ | x-default=https://calkilo.com/terms-and-conditions/","Calkilo 条款与条件","阅读 Calkilo 条款与条件，了解账户使用、订阅和法律条件。","条款与条件","WebPage | BreadcrumbList","20","Next.js static export (SSG/prerendered HTML)","","Keep; no consolidation proposed without query-by-page evidence"
"https://calkilo.com/zh/terms-of-service/","zh","Policy and account support","200","index","https://calkilo.com/zh/terms-of-service/","en=https://calkilo.com/terms-of-service/ | nl=https://calkilo.com/nl/terms-of-service/ | ru=https://calkilo.com/ru/terms-of-service/ | zh=https://calkilo.com/zh/terms-of-service/ | ar=https://calkilo.com/ar/terms-of-service/ | fa=https://calkilo.com/fa/terms-of-service/ | it=https://calkilo.com/it/terms-of-service/ | x-default=https://calkilo.com/terms-of-service/","Calkilo 服务条款","阅读 Calkilo 服务条款，了解账户使用、订阅和法律条件。","服务条款","WebPage | BreadcrumbList","20","Next.js static export (SSG/prerendered HTML)","","Keep; no consolidation proposed without query-by-page evidence"
